,fecha,nombre_completo,estado,temperatura
0,2023-09-22 00:00:00,ITM Medellín,Habilitada,21.44444
1,2023-09-22 00:01:00,ITM Medellín,Habilitada,21.44444
2,2023-09-22 00:02:00,ITM Medellín,Habilitada,21.44444
3,2023-09-22 00:03:00,ITM Medellín,Habilitada,21.44444
4,2023-09-22 00:04:01,ITM Medellín,Habilitada,21.44444
5,2023-09-22 00:05:00,ITM Medellín,Habilitada,21.44444
6,2023-09-22 00:06:01,ITM Medellín,Habilitada,21.44444
7,2023-09-22 00:07:00,ITM Medellín,Habilitada,21.44444
8,2023-09-22 00:08:00,ITM Medellín,Habilitada,21.38889
9,2023-09-22 00:09:00,ITM Medellín,Habilitada,21.38889
10,2023-09-22 00:10:00,ITM Medellín,Habilitada,21.38889
11,2023-09-22 00:11:00,ITM Medellín,Habilitada,21.33333
12,2023-09-22 00:12:01,ITM Medellín,Habilitada,21.33333
13,2023-09-22 00:13:00,ITM Medellín,Habilitada,21.27778
14,2023-09-22 00:14:00,ITM Medellín,Habilitada,21.27778
15,2023-09-22 00:15:00,ITM Medellín,Habilitada,21.27778
16,2023-09-22 00:16:00,ITM Medellín,Habilitada,21.22222
17,2023-09-22 00:17:00,ITM Medellín,Habilitada,21.22222
18,2023-09-22 00:18:00,ITM Medellín,Habilitada,21.16667
19,2023-09-22 00:19:01,ITM Medellín,Habilitada,21.16667
20,2023-09-22 00:20:00,ITM Medellín,Habilitada,21.16667
21,2023-09-22 00:21:01,ITM Medellín,Habilitada,21.11111
22,2023-09-22 00:22:00,ITM Medellín,Habilitada,21.11111
23,2023-09-22 00:23:00,ITM Medellín,Habilitada,21.11111
24,2023-09-22 00:24:00,ITM Medellín,Habilitada,21.05556
25,2023-09-22 00:25:00,ITM Medellín,Habilitada,21.05556
26,2023-09-22 00:26:00,ITM Medellín,Habilitada,21.05556
27,2023-09-22 00:27:00,ITM Medellín,Habilitada,21.05556
28,2023-09-22 00:28:01,ITM Medellín,Habilitada,21.05556
29,2023-09-22 00:29:00,ITM Medellín,Habilitada,21.00000
30,2023-09-22 00:30:00,ITM Medellín,Habilitada,21.05556
31,2023-09-22 00:31:00,ITM Medellín,Habilitada,21.00000
32,2023-09-22 00:32:00,ITM Medellín,Habilitada,21.00000
33,2023-09-22 00:33:00,ITM Medellín,Habilitada,21.00000
34,2023-09-22 00:34:00,ITM Medellín,Habilitada,21.00000
35,2023-09-22 00:35:00,ITM Medellín,Habilitada,21.00000
36,2023-09-22 00:36:00,ITM Medellín,Habilitada,21.00000
37,2023-09-22 00:37:02,ITM Medellín,Habilitada,20.94444
38,2023-09-22 00:38:00,ITM Medellín,Habilitada,20.94444
39,2023-09-22 00:39:00,ITM Medellín,Habilitada,20.94444
40,2023-09-22 00:40:00,ITM Medellín,Habilitada,20.94444
41,2023-09-22 00:41:00,ITM Medellín,Habilitada,20.94444
42,2023-09-22 00:42:00,ITM Medellín,Habilitada,20.94444
43,2023-09-22 00:43:00,ITM Medellín,Habilitada,20.94444
44,2023-09-22 00:44:01,ITM Medellín,Habilitada,20.94444
45,2023-09-22 00:45:00,ITM Medellín,Habilitada,20.94444
46,2023-09-22 00:46:01,ITM Medellín,Habilitada,20.94444
47,2023-09-22 00:47:00,ITM Medellín,Habilitada,20.94444
48,2023-09-22 00:48:00,ITM Medellín,Habilitada,20.94444
49,2023-09-22 00:49:00,ITM Medellín,Habilitada,20.94444
50,2023-09-22 00:50:00,ITM Medellín,Habilitada,20.88889
51,2023-09-22 00:51:00,ITM Medellín,Habilitada,20.94444
52,2023-09-22 00:52:00,ITM Medellín,Habilitada,20.88889
53,2023-09-22 00:53:01,ITM Medellín,Habilitada,20.88889
54,2023-09-22 00:54:00,ITM Medellín,Habilitada,20.88889
55,2023-09-22 00:55:00,ITM Medellín,Habilitada,20.88889
56,2023-09-22 00:56:00,ITM Medellín,Habilitada,20.88889
57,2023-09-22 00:57:00,ITM Medellín,Habilitada,20.88889
58,2023-09-22 00:58:00,ITM Medellín,Habilitada,20.88889
59,2023-09-22 00:59:00,ITM Medellín,Habilitada,20.88889
60,2023-09-22 01:00:00,ITM Medellín,Habilitada,20.88889
61,2023-09-22 01:01:00,ITM Medellín,Habilitada,20.88889
62,2023-09-22 01:02:01,ITM Medellín,Habilitada,20.94444
63,2023-09-22 01:03:10,ITM Medellín,Habilitada,20.94444
64,2023-09-22 01:04:00,ITM Medellín,Habilitada,20.94444
65,2023-09-22 01:05:00,ITM Medellín,Habilitada,20.94444
66,2023-09-22 01:06:00,ITM Medellín,Habilitada,20.94444
67,2023-09-22 01:07:00,ITM Medellín,Habilitada,21.00000
68,2023-09-22 01:08:01,ITM Medellín,Habilitada,21.00000
69,2023-09-22 01:09:00,ITM Medellín,Habilitada,21.00000
70,2023-09-22 01:10:00,ITM Medellín,Habilitada,21.05556
71,2023-09-22 01:11:00,ITM Medellín,Habilitada,21.00000
72,2023-09-22 01:12:00,ITM Medellín,Habilitada,21.05556
73,2023-09-22 01:13:00,ITM Medellín,Habilitada,21.05556
74,2023-09-22 01:14:00,ITM Medellín,Habilitada,21.05556
75,2023-09-22 01:15:00,ITM Medellín,Habilitada,21.05556
76,2023-09-22 01:16:00,ITM Medellín,Habilitada,21.05556
77,2023-09-22 01:17:01,ITM Medellín,Habilitada,21.05556
78,2023-09-22 01:18:00,ITM Medellín,Habilitada,21.05556
79,2023-09-22 01:19:00,ITM Medellín,Habilitada,21.05556
80,2023-09-22 01:20:00,ITM Medellín,Habilitada,21.05556
81,2023-09-22 01:21:00,ITM Medellín,Habilitada,21.05556
82,2023-09-22 01:22:00,ITM Medellín,Habilitada,21.05556
83,2023-09-22 01:23:11,ITM Medellín,Habilitada,21.05556
84,2023-09-22 01:24:00,ITM Medellín,Habilitada,21.05556
85,2023-09-22 01:25:00,ITM Medellín,Habilitada,21.05556
86,2023-09-22 01:26:00,ITM Medellín,Habilitada,21.05556
87,2023-09-22 01:27:00,ITM Medellín,Habilitada,21.05556
88,2023-09-22 01:28:00,ITM Medellín,Habilitada,21.05556
89,2023-09-22 01:29:01,ITM Medellín,Habilitada,21.05556
90,2023-09-22 01:30:00,ITM Medellín,Habilitada,21.05556
91,2023-09-22 01:31:01,ITM Medellín,Habilitada,21.05556
92,2023-09-22 01:32:00,ITM Medellín,Habilitada,21.05556
93,2023-09-22 01:33:00,ITM Medellín,Habilitada,21.05556
94,2023-09-22 01:34:00,ITM Medellín,Habilitada,21.05556
95,2023-09-22 01:35:00,ITM Medellín,Habilitada,21.05556
96,2023-09-22 01:36:00,ITM Medellín,Habilitada,21.05556
97,2023-09-22 01:37:00,ITM Medellín,Habilitada,21.05556
98,2023-09-22 01:38:01,ITM Medellín,Habilitada,21.05556
99,2023-09-22 01:39:00,ITM Medellín,Habilitada,21.00000
100,2023-09-22 01:40:00,ITM Medellín,Habilitada,21.00000
101,2023-09-22 01:41:00,ITM Medellín,Habilitada,21.00000
102,2023-09-22 01:42:00,ITM Medellín,Habilitada,21.00000
103,2023-09-22 01:43:00,ITM Medellín,Habilitada,21.00000
104,2023-09-22 01:44:00,ITM Medellín,Habilitada,21.00000
105,2023-09-22 01:45:00,ITM Medellín,Habilitada,21.00000
106,2023-09-22 01:46:00,ITM Medellín,Habilitada,21.00000
107,2023-09-22 01:47:01,ITM Medellín,Habilitada,21.05556
108,2023-09-22 01:48:00,ITM Medellín,Habilitada,21.00000
109,2023-09-22 01:49:00,ITM Medellín,Habilitada,21.00000
110,2023-09-22 01:50:00,ITM Medellín,Habilitada,21.05556
111,2023-09-22 01:51:00,ITM Medellín,Habilitada,21.05556
112,2023-09-22 01:52:00,ITM Medellín,Habilitada,21.05556
113,2023-09-22 01:53:00,ITM Medellín,Habilitada,21.05556
114,2023-09-22 01:54:01,ITM Medellín,Habilitada,21.05556
115,2023-09-22 01:55:00,ITM Medellín,Habilitada,21.05556
116,2023-09-22 01:56:01,ITM Medellín,Habilitada,21.05556
117,2023-09-22 01:57:00,ITM Medellín,Habilitada,21.05556
118,2023-09-22 01:58:10,ITM Medellín,Habilitada,21.05556
119,2023-09-22 01:59:00,ITM Medellín,Habilitada,21.05556
120,2023-09-22 02:00:00,ITM Medellín,Habilitada,21.05556
121,2023-09-22 02:01:00,ITM Medellín,Habilitada,21.05556
122,2023-09-22 02:02:01,ITM Medellín,Habilitada,21.05556
123,2023-09-22 02:03:00,ITM Medellín,Habilitada,21.05556
124,2023-09-22 02:04:00,ITM Medellín,Habilitada,21.05556
125,2023-09-22 02:05:00,ITM Medellín,Habilitada,21.05556
126,2023-09-22 02:06:00,ITM Medellín,Habilitada,21.05556
127,2023-09-22 02:07:00,ITM Medellín,Habilitada,21.05556
128,2023-09-22 02:08:00,ITM Medellín,Habilitada,21.05556
129,2023-09-22 02:09:01,ITM Medellín,Habilitada,21.11111
130,2023-09-22 02:10:00,ITM Medellín,Habilitada,21.11111
131,2023-09-22 02:11:00,ITM Medellín,Habilitada,21.11111
132,2023-09-22 02:12:00,ITM Medellín,Habilitada,21.11111
133,2023-09-22 02:13:00,ITM Medellín,Habilitada,21.11111
134,2023-09-22 02:14:00,ITM Medellín,Habilitada,21.16667
135,2023-09-22 02:15:00,ITM Medellín,Habilitada,21.16667
136,2023-09-22 02:16:00,ITM Medellín,Habilitada,21.16667
137,2023-09-22 02:17:01,ITM Medellín,Habilitada,21.16667
138,2023-09-22 02:18:00,ITM Medellín,Habilitada,21.16667
139,2023-09-22 02:19:00,ITM Medellín,Habilitada,21.11111
140,2023-09-22 02:20:00,ITM Medellín,Habilitada,21.05556
141,2023-09-22 02:21:00,ITM Medellín,Habilitada,21.00000
142,2023-09-22 02:22:00,ITM Medellín,Habilitada,20.88889
143,2023-09-22 02:23:00,ITM Medellín,Habilitada,20.83333
144,2023-09-22 02:24:01,ITM Medellín,Habilitada,20.83333
145,2023-09-22 02:25:00,ITM Medellín,Habilitada,20.77778
146,2023-09-22 02:26:00,ITM Medellín,Habilitada,20.72222
147,2023-09-22 02:27:01,ITM Medellín,Habilitada,20.66667
148,2023-09-22 02:28:00,ITM Medellín,Habilitada,20.61111
149,2023-09-22 02:29:00,ITM Medellín,Habilitada,20.55556
150,2023-09-22 02:30:00,ITM Medellín,Habilitada,20.55556
151,2023-09-22 02:31:00,ITM Medellín,Habilitada,20.50000
152,2023-09-22 02:32:00,ITM Medellín,Habilitada,20.50000
153,2023-09-22 02:33:00,ITM Medellín,Habilitada,20.44444
154,2023-09-22 02:34:01,ITM Medellín,Habilitada,20.38889
155,2023-09-22 02:35:00,ITM Medellín,Habilitada,20.33333
156,2023-09-22 02:36:01,ITM Medellín,Habilitada,20.27778
157,2023-09-22 02:37:00,ITM Medellín,Habilitada,20.27778
158,2023-09-22 02:38:00,ITM Medellín,Habilitada,20.22222
159,2023-09-22 02:39:00,ITM Medellín,Habilitada,20.22222
160,2023-09-22 02:40:00,ITM Medellín,Habilitada,20.16667
161,2023-09-22 02:41:00,ITM Medellín,Habilitada,20.16667
162,2023-09-22 02:42:00,ITM Medellín,Habilitada,20.11111
163,2023-09-22 02:43:01,ITM Medellín,Habilitada,20.11111
164,2023-09-22 02:44:00,ITM Medellín,Habilitada,20.05556
165,2023-09-22 02:45:00,ITM Medellín,Habilitada,20.05556
166,2023-09-22 02:46:00,ITM Medellín,Habilitada,20.11111
167,2023-09-22 02:47:00,ITM Medellín,Habilitada,20.11111
168,2023-09-22 02:48:00,ITM Medellín,Habilitada,20.11111
169,2023-09-22 02:49:01,ITM Medellín,Habilitada,20.05556
170,2023-09-22 02:50:00,ITM Medellín,Habilitada,20.05556
171,2023-09-22 02:51:00,ITM Medellín,Habilitada,20.05556
172,2023-09-22 02:52:01,ITM Medellín,Habilitada,20.05556
173,2023-09-22 02:53:00,ITM Medellín,Habilitada,20.05556
174,2023-09-22 02:54:00,ITM Medellín,Habilitada,20.11111
175,2023-09-22 02:55:00,ITM Medellín,Habilitada,20.11111
176,2023-09-22 02:56:00,ITM Medellín,Habilitada,20.11111
177,2023-09-22 02:57:00,ITM Medellín,Habilitada,20.11111
178,2023-09-22 02:58:01,ITM Medellín,Habilitada,20.11111
179,2023-09-22 02:59:00,ITM Medellín,Habilitada,20.05556
180,2023-09-22 03:00:00,ITM Medellín,Habilitada,20.05556
181,2023-09-22 03:01:00,ITM Medellín,Habilitada,20.05556
182,2023-09-22 03:02:00,ITM Medellín,Habilitada,20.05556
183,2023-09-22 03:03:00,ITM Medellín,Habilitada,20.05556
184,2023-09-22 03:04:00,ITM Medellín,Habilitada,20.05556
185,2023-09-22 03:05:00,ITM Medellín,Habilitada,20.05556
186,2023-09-22 03:06:00,ITM Medellín,Habilitada,20.00000
187,2023-09-22 03:07:01,ITM Medellín,Habilitada,20.00000
188,2023-09-22 03:08:00,ITM Medellín,Habilitada,20.00000
189,2023-09-22 03:09:00,ITM Medellín,Habilitada,20.00000
190,2023-09-22 03:10:00,ITM Medellín,Habilitada,19.94444
191,2023-09-22 03:11:00,ITM Medellín,Habilitada,19.94444
192,2023-09-22 03:12:00,ITM Medellín,Habilitada,19.94444
193,2023-09-22 03:13:00,ITM Medellín,Habilitada,19.94444
194,2023-09-22 03:14:01,ITM Medellín,Habilitada,19.94444
195,2023-09-22 03:15:00,ITM Medellín,Habilitada,19.94444
196,2023-09-22 03:16:01,ITM Medellín,Habilitada,19.88889
197,2023-09-22 03:17:00,ITM Medellín,Habilitada,19.88889
198,2023-09-22 03:18:00,ITM Medellín,Habilitada,19.88889
199,2023-09-22 03:19:00,ITM Medellín,Habilitada,19.83333
200,2023-09-22 03:20:00,ITM Medellín,Habilitada,19.83333
201,2023-09-22 03:21:00,ITM Medellín,Habilitada,19.83333
202,2023-09-22 03:22:00,ITM Medellín,Habilitada,19.83333
203,2023-09-22 03:23:01,ITM Medellín,Habilitada,19.83333
204,2023-09-22 03:24:00,ITM Medellín,Habilitada,19.83333
205,2023-09-22 03:25:00,ITM Medellín,Habilitada,19.77778
206,2023-09-22 03:26:00,ITM Medellín,Habilitada,19.77778
207,2023-09-22 03:27:00,ITM Medellín,Habilitada,19.77778
208,2023-09-22 03:28:00,ITM Medellín,Habilitada,19.77778
209,2023-09-22 03:29:00,ITM Medellín,Habilitada,19.77778
210,2023-09-22 03:30:00,ITM Medellín,Habilitada,19.77778
211,2023-09-22 03:31:00,ITM Medellín,Habilitada,19.77778
212,2023-09-22 03:32:01,ITM Medellín,Habilitada,19.77778
213,2023-09-22 03:33:00,ITM Medellín,Habilitada,19.72222
214,2023-09-22 03:34:00,ITM Medellín,Habilitada,19.72222
215,2023-09-22 03:35:00,ITM Medellín,Habilitada,19.72222
216,2023-09-22 03:36:00,ITM Medellín,Habilitada,19.72222
217,2023-09-22 03:37:00,ITM Medellín,Habilitada,19.72222
218,2023-09-22 03:38:00,ITM Medellín,Habilitada,19.72222
219,2023-09-22 03:39:01,ITM Medellín,Habilitada,19.72222
220,2023-09-22 03:40:00,ITM Medellín,Habilitada,19.72222
221,2023-09-22 03:41:01,ITM Medellín,Habilitada,19.72222
222,2023-09-22 03:42:00,ITM Medellín,Habilitada,19.72222
223,2023-09-22 03:43:00,ITM Medellín,Habilitada,19.72222
224,2023-09-22 03:44:00,ITM Medellín,Habilitada,19.72222
225,2023-09-22 03:45:00,ITM Medellín,Habilitada,19.72222
226,2023-09-22 03:46:00,ITM Medellín,Habilitada,19.72222
227,2023-09-22 03:47:00,ITM Medellín,Habilitada,19.72222
228,2023-09-22 03:48:01,ITM Medellín,Habilitada,19.72222
229,2023-09-22 03:49:00,ITM Medellín,Habilitada,19.72222
230,2023-09-22 03:50:00,ITM Medellín,Habilitada,19.72222
231,2023-09-22 03:51:00,ITM Medellín,Habilitada,19.72222
232,2023-09-22 03:52:00,ITM Medellín,Habilitada,19.72222
233,2023-09-22 03:53:00,ITM Medellín,Habilitada,19.77778
234,2023-09-22 03:54:01,ITM Medellín,Habilitada,19.77778
235,2023-09-22 03:55:00,ITM Medellín,Habilitada,19.77778
236,2023-09-22 03:56:01,ITM Medellín,Habilitada,19.77778
237,2023-09-22 03:57:00,ITM Medellín,Habilitada,19.83333
238,2023-09-22 03:58:00,ITM Medellín,Habilitada,19.88889
239,2023-09-22 03:59:00,ITM Medellín,Habilitada,19.88889
240,2023-09-22 04:00:00,ITM Medellín,Habilitada,19.94444
241,2023-09-22 04:01:00,ITM Medellín,Habilitada,20.00000
242,2023-09-22 04:02:00,ITM Medellín,Habilitada,20.05556
243,2023-09-22 04:03:01,ITM Medellín,Habilitada,20.05556
244,2023-09-22 04:04:00,ITM Medellín,Habilitada,20.05556
245,2023-09-22 04:05:00,ITM Medellín,Habilitada,20.05556
246,2023-09-22 04:06:00,ITM Medellín,Habilitada,20.11111
247,2023-09-22 04:07:00,ITM Medellín,Habilitada,20.16667
248,2023-09-22 04:08:10,ITM Medellín,Habilitada,20.16667
249,2023-09-22 04:09:01,ITM Medellín,Habilitada,20.16667
250,2023-09-22 04:10:00,ITM Medellín,Habilitada,20.11111
251,2023-09-22 04:11:01,ITM Medellín,Habilitada,20.11111
252,2023-09-22 04:12:00,ITM Medellín,Habilitada,20.16667
253,2023-09-22 04:13:00,ITM Medellín,Habilitada,20.16667
254,2023-09-22 04:14:00,ITM Medellín,Habilitada,20.16667
255,2023-09-22 04:15:00,ITM Medellín,Habilitada,20.16667
256,2023-09-22 04:16:00,ITM Medellín,Habilitada,20.11111
257,2023-09-22 04:17:00,ITM Medellín,Habilitada,20.16667
258,2023-09-22 04:18:01,ITM Medellín,Habilitada,20.27778
259,2023-09-22 04:19:00,ITM Medellín,Habilitada,20.33333
260,2023-09-22 04:20:00,ITM Medellín,Habilitada,20.44444
261,2023-09-22 04:21:00,ITM Medellín,Habilitada,20.50000
262,2023-09-22 04:22:00,ITM Medellín,Habilitada,20.55556
263,2023-09-22 04:23:00,ITM Medellín,Habilitada,20.55556
264,2023-09-22 04:24:01,ITM Medellín,Habilitada,20.55556
265,2023-09-22 04:25:00,ITM Medellín,Habilitada,20.50000
266,2023-09-22 04:26:01,ITM Medellín,Habilitada,20.50000
267,2023-09-22 04:27:00,ITM Medellín,Habilitada,20.44444
268,2023-09-22 04:28:00,ITM Medellín,Habilitada,20.38889
269,2023-09-22 04:29:00,ITM Medellín,Habilitada,20.38889
270,2023-09-22 04:30:00,ITM Medellín,Habilitada,20.33333
271,2023-09-22 04:31:00,ITM Medellín,Habilitada,20.33333
272,2023-09-22 04:32:00,ITM Medellín,Habilitada,20.27778
273,2023-09-22 04:33:01,ITM Medellín,Habilitada,20.27778
274,2023-09-22 04:34:00,ITM Medellín,Habilitada,20.22222
275,2023-09-22 04:35:00,ITM Medellín,Habilitada,20.22222
276,2023-09-22 04:36:00,ITM Medellín,Habilitada,20.16667
277,2023-09-22 04:37:00,ITM Medellín,Habilitada,20.16667
278,2023-09-22 04:38:00,ITM Medellín,Habilitada,20.16667
279,2023-09-22 04:39:00,ITM Medellín,Habilitada,20.11111
280,2023-09-22 04:40:00,ITM Medellín,Habilitada,20.11111
281,2023-09-22 04:41:00,ITM Medellín,Habilitada,20.11111
282,2023-09-22 04:42:01,ITM Medellín,Habilitada,20.11111
283,2023-09-22 04:43:00,ITM Medellín,Habilitada,20.05556
284,2023-09-22 04:44:00,ITM Medellín,Habilitada,20.05556
285,2023-09-22 04:45:00,ITM Medellín,Habilitada,20.05556
286,2023-09-22 04:46:00,ITM Medellín,Habilitada,20.05556
287,2023-09-22 04:47:00,ITM Medellín,Habilitada,20.05556
288,2023-09-22 04:48:00,ITM Medellín,Habilitada,20.00000
289,2023-09-22 04:49:01,ITM Medellín,Habilitada,20.00000
290,2023-09-22 04:50:00,ITM Medellín,Habilitada,20.00000
291,2023-09-22 04:51:01,ITM Medellín,Habilitada,20.00000
292,2023-09-22 04:52:00,ITM Medellín,Habilitada,20.00000
293,2023-09-22 04:53:00,ITM Medellín,Habilitada,19.94444
294,2023-09-22 04:54:00,ITM Medellín,Habilitada,20.00000
295,2023-09-22 04:55:00,ITM Medellín,Habilitada,20.00000
296,2023-09-22 04:56:00,ITM Medellín,Habilitada,20.00000
297,2023-09-22 04:57:00,ITM Medellín,Habilitada,20.05556
298,2023-09-22 04:58:01,ITM Medellín,Habilitada,20.05556
299,2023-09-22 04:59:00,ITM Medellín,Habilitada,20.11111
300,2023-09-22 05:00:00,ITM Medellín,Habilitada,20.11111
301,2023-09-22 05:01:00,ITM Medellín,Habilitada,20.11111
302,2023-09-22 05:02:00,ITM Medellín,Habilitada,20.16667
303,2023-09-22 05:03:00,ITM Medellín,Habilitada,20.16667
304,2023-09-22 05:04:00,ITM Medellín,Habilitada,20.16667
305,2023-09-22 05:05:00,ITM Medellín,Habilitada,20.22222
306,2023-09-22 05:06:00,ITM Medellín,Habilitada,20.33333
307,2023-09-22 05:07:01,ITM Medellín,Habilitada,20.38889
308,2023-09-22 05:08:00,ITM Medellín,Habilitada,20.44444
309,2023-09-22 05:09:10,ITM Medellín,Habilitada,20.50000
310,2023-09-22 05:10:00,ITM Medellín,Habilitada,20.55556
311,2023-09-22 05:11:00,ITM Medellín,Habilitada,20.66667
312,2023-09-22 05:12:00,ITM Medellín,Habilitada,20.72222
313,2023-09-22 05:13:01,ITM Medellín,Habilitada,20.72222
314,2023-09-22 05:14:00,ITM Medellín,Habilitada,20.77778
315,2023-09-22 05:15:00,ITM Medellín,Habilitada,20.77778
316,2023-09-22 05:16:00,ITM Medellín,Habilitada,20.77778
317,2023-09-22 05:17:00,ITM Medellín,Habilitada,20.77778
318,2023-09-22 05:18:00,ITM Medellín,Habilitada,20.77778
319,2023-09-22 05:19:00,ITM Medellín,Habilitada,20.72222
320,2023-09-22 05:20:00,ITM Medellín,Habilitada,20.66667
321,2023-09-22 05:21:01,ITM Medellín,Habilitada,20.66667
322,2023-09-22 05:22:00,ITM Medellín,Habilitada,20.61111
323,2023-09-22 05:23:00,ITM Medellín,Habilitada,20.61111
324,2023-09-22 05:24:00,ITM Medellín,Habilitada,20.61111
325,2023-09-22 05:25:00,ITM Medellín,Habilitada,20.61111
326,2023-09-22 05:26:00,ITM Medellín,Habilitada,20.66667
327,2023-09-22 05:27:00,ITM Medellín,Habilitada,20.66667
328,2023-09-22 05:28:01,ITM Medellín,Habilitada,20.66667
329,2023-09-22 05:29:00,ITM Medellín,Habilitada,20.66667
330,2023-09-22 05:30:00,ITM Medellín,Habilitada,20.72222
331,2023-09-22 05:31:00,ITM Medellín,Habilitada,20.66667
332,2023-09-22 05:32:00,ITM Medellín,Habilitada,20.66667
333,2023-09-22 05:33:00,ITM Medellín,Habilitada,20.66667
334,2023-09-22 05:34:00,ITM Medellín,Habilitada,20.66667
335,2023-09-22 05:35:00,ITM Medellín,Habilitada,20.66667
336,2023-09-22 05:36:00,ITM Medellín,Habilitada,20.66667
337,2023-09-22 05:37:01,ITM Medellín,Habilitada,20.66667
338,2023-09-22 05:38:00,ITM Medellín,Habilitada,20.66667
339,2023-09-22 05:39:00,ITM Medellín,Habilitada,20.66667
340,2023-09-22 05:40:00,ITM Medellín,Habilitada,20.66667
341,2023-09-22 05:41:00,ITM Medellín,Habilitada,20.66667
342,2023-09-22 05:42:00,ITM Medellín,Habilitada,20.66667
343,2023-09-22 05:43:00,ITM Medellín,Habilitada,20.66667
344,2023-09-22 05:44:00,ITM Medellín,Habilitada,20.66667
345,2023-09-22 05:45:00,ITM Medellín,Habilitada,20.61111
346,2023-09-22 05:46:00,ITM Medellín,Habilitada,20.61111
347,2023-09-22 05:47:01,ITM Medellín,Habilitada,20.61111
348,2023-09-22 05:48:00,ITM Medellín,Habilitada,20.55556
349,2023-09-22 05:49:00,ITM Medellín,Habilitada,20.55556
350,2023-09-22 05:50:00,ITM Medellín,Habilitada,20.55556
351,2023-09-22 05:51:10,ITM Medellín,Habilitada,20.55556
352,2023-09-22 05:52:00,ITM Medellín,Habilitada,20.55556
353,2023-09-22 05:53:01,ITM Medellín,Habilitada,20.55556
354,2023-09-22 05:54:00,ITM Medellín,Habilitada,20.55556
355,2023-09-22 05:55:00,ITM Medellín,Habilitada,20.61111
356,2023-09-22 05:56:00,ITM Medellín,Habilitada,20.55556
357,2023-09-22 05:57:00,ITM Medellín,Habilitada,20.55556
358,2023-09-22 05:58:00,ITM Medellín,Habilitada,20.55556
359,2023-09-22 05:59:00,ITM Medellín,Habilitada,20.55556
360,2023-09-22 06:00:00,ITM Medellín,Habilitada,20.55556
361,2023-09-22 06:01:00,ITM Medellín,Habilitada,20.55556
362,2023-09-22 06:02:01,ITM Medellín,Habilitada,20.50000
363,2023-09-22 06:03:00,ITM Medellín,Habilitada,20.44444
364,2023-09-22 06:04:00,ITM Medellín,Habilitada,20.44444
365,2023-09-22 06:05:00,ITM Medellín,Habilitada,20.38889
366,2023-09-22 06:06:00,ITM Medellín,Habilitada,20.33333
367,2023-09-22 06:07:00,ITM Medellín,Habilitada,20.33333
368,2023-09-22 06:08:00,ITM Medellín,Habilitada,20.33333
369,2023-09-22 06:09:01,ITM Medellín,Habilitada,20.27778
370,2023-09-22 06:10:00,ITM Medellín,Habilitada,20.27778
371,2023-09-22 06:11:01,ITM Medellín,Habilitada,20.27778
372,2023-09-22 06:12:00,ITM Medellín,Habilitada,20.22222
373,2023-09-22 06:13:00,ITM Medellín,Habilitada,20.22222
374,2023-09-22 06:14:00,ITM Medellín,Habilitada,20.22222
375,2023-09-22 06:15:00,ITM Medellín,Habilitada,20.16667
376,2023-09-22 06:16:00,ITM Medellín,Habilitada,20.22222
377,2023-09-22 06:17:00,ITM Medellín,Habilitada,20.22222
378,2023-09-22 06:18:01,ITM Medellín,Habilitada,20.27778
379,2023-09-22 06:19:00,ITM Medellín,Habilitada,20.27778
380,2023-09-22 06:20:00,ITM Medellín,Habilitada,20.27778
381,2023-09-22 06:21:00,ITM Medellín,Habilitada,20.27778
382,2023-09-22 06:22:00,ITM Medellín,Habilitada,20.33333
383,2023-09-22 06:23:00,ITM Medellín,Habilitada,20.27778
384,2023-09-22 06:24:00,ITM Medellín,Habilitada,20.27778
385,2023-09-22 06:25:00,ITM Medellín,Habilitada,20.33333
386,2023-09-22 06:26:00,ITM Medellín,Habilitada,20.33333
387,2023-09-22 06:27:01,ITM Medellín,Habilitada,20.33333
388,2023-09-22 06:28:00,ITM Medellín,Habilitada,20.33333
389,2023-09-22 06:29:00,ITM Medellín,Habilitada,20.33333
390,2023-09-22 06:30:00,ITM Medellín,Habilitada,20.33333
391,2023-09-22 06:31:00,ITM Medellín,Habilitada,20.33333
392,2023-09-22 06:32:00,ITM Medellín,Habilitada,20.33333
393,2023-09-22 06:33:00,ITM Medellín,Habilitada,20.38889
394,2023-09-22 06:34:01,ITM Medellín,Habilitada,20.44444
395,2023-09-22 06:35:00,ITM Medellín,Habilitada,20.44444
396,2023-09-22 06:36:01,ITM Medellín,Habilitada,20.44444
397,2023-09-22 06:37:00,ITM Medellín,Habilitada,20.44444
398,2023-09-22 06:38:00,ITM Medellín,Habilitada,20.44444
399,2023-09-22 06:39:00,ITM Medellín,Habilitada,20.50000
400,2023-09-22 06:40:00,ITM Medellín,Habilitada,20.50000
401,2023-09-22 06:41:00,ITM Medellín,Habilitada,20.50000
402,2023-09-22 06:42:00,ITM Medellín,Habilitada,20.50000
403,2023-09-22 06:43:01,ITM Medellín,Habilitada,20.44444
404,2023-09-22 06:44:00,ITM Medellín,Habilitada,20.44444
405,2023-09-22 06:45:00,ITM Medellín,Habilitada,20.44444
406,2023-09-22 06:46:00,ITM Medellín,Habilitada,20.44444
407,2023-09-22 06:47:00,ITM Medellín,Habilitada,20.50000
408,2023-09-22 06:48:00,ITM Medellín,Habilitada,20.44444
409,2023-09-22 06:49:00,ITM Medellín,Habilitada,20.50000
410,2023-09-22 06:50:00,ITM Medellín,Habilitada,20.44444
411,2023-09-22 06:51:00,ITM Medellín,Habilitada,20.50000
412,2023-09-22 06:52:01,ITM Medellín,Habilitada,20.50000
413,2023-09-22 06:53:00,ITM Medellín,Habilitada,20.50000
414,2023-09-22 06:54:00,ITM Medellín,Habilitada,20.50000
415,2023-09-22 06:55:00,ITM Medellín,Habilitada,20.55556
416,2023-09-22 06:56:00,ITM Medellín,Habilitada,20.55556
417,2023-09-22 06:57:00,ITM Medellín,Habilitada,20.61111
418,2023-09-22 06:58:00,ITM Medellín,Habilitada,20.55556
419,2023-09-22 06:59:01,ITM Medellín,Habilitada,20.55556
420,2023-09-22 07:00:00,ITM Medellín,Habilitada,20.55556
421,2023-09-22 07:01:00,ITM Medellín,Habilitada,20.50000
422,2023-09-22 07:02:00,ITM Medellín,Habilitada,20.44444
423,2023-09-22 07:03:00,ITM Medellín,Habilitada,20.38889
424,2023-09-22 07:04:00,ITM Medellín,Habilitada,20.33333
425,2023-09-22 07:05:00,ITM Medellín,Habilitada,20.33333
426,2023-09-22 07:06:00,ITM Medellín,Habilitada,20.33333
427,2023-09-22 07:07:01,ITM Medellín,Habilitada,20.33333
428,2023-09-22 07:08:00,ITM Medellín,Habilitada,20.38889
429,2023-09-22 07:09:00,ITM Medellín,Habilitada,20.38889
430,2023-09-22 07:10:00,ITM Medellín,Habilitada,20.38889
431,2023-09-22 07:11:00,ITM Medellín,Habilitada,20.38889
432,2023-09-22 07:12:00,ITM Medellín,Habilitada,20.44444
433,2023-09-22 07:13:00,ITM Medellín,Habilitada,20.44444
434,2023-09-22 07:14:01,ITM Medellín,Habilitada,20.44444
435,2023-09-22 07:15:00,ITM Medellín,Habilitada,20.44444
436,2023-09-22 07:16:01,ITM Medellín,Habilitada,20.44444
437,2023-09-22 07:17:00,ITM Medellín,Habilitada,20.50000
438,2023-09-22 07:18:00,ITM Medellín,Habilitada,20.50000
439,2023-09-22 07:19:00,ITM Medellín,Habilitada,20.55556
440,2023-09-22 07:20:00,ITM Medellín,Habilitada,20.61111
441,2023-09-22 07:21:00,ITM Medellín,Habilitada,20.66667
442,2023-09-22 07:22:00,ITM Medellín,Habilitada,20.66667
443,2023-09-22 07:23:01,ITM Medellín,Habilitada,20.72222
444,2023-09-22 07:24:00,ITM Medellín,Habilitada,20.77778
445,2023-09-22 07:25:00,ITM Medellín,Habilitada,20.77778
446,2023-09-22 07:26:00,ITM Medellín,Habilitada,20.83333
447,2023-09-22 07:27:00,ITM Medellín,Habilitada,20.94444
448,2023-09-22 07:28:00,ITM Medellín,Habilitada,21.00000
449,2023-09-22 07:29:00,ITM Medellín,Habilitada,21.05556
450,2023-09-22 07:30:00,ITM Medellín,Habilitada,21.11111
451,2023-09-22 07:31:00,ITM Medellín,Habilitada,21.16667
452,2023-09-22 07:32:01,ITM Medellín,Habilitada,21.22222
453,2023-09-22 07:33:00,ITM Medellín,Habilitada,21.27778
454,2023-09-22 07:34:00,ITM Medellín,Habilitada,21.27778
455,2023-09-22 07:35:00,ITM Medellín,Habilitada,21.33333
456,2023-09-22 07:36:00,ITM Medellín,Habilitada,21.38889
457,2023-09-22 07:37:00,ITM Medellín,Habilitada,21.38889
458,2023-09-22 07:38:00,ITM Medellín,Habilitada,21.44444
459,2023-09-22 07:39:01,ITM Medellín,Habilitada,21.50000
460,2023-09-22 07:40:00,ITM Medellín,Habilitada,21.55556
461,2023-09-22 07:41:01,ITM Medellín,Habilitada,21.61111
462,2023-09-22 07:42:00,ITM Medellín,Habilitada,21.72222
463,2023-09-22 07:43:00,ITM Medellín,Habilitada,21.77778
464,2023-09-22 07:44:00,ITM Medellín,Habilitada,21.83333
465,2023-09-22 07:45:00,ITM Medellín,Habilitada,21.83333
466,2023-09-22 07:46:00,ITM Medellín,Habilitada,21.83333
467,2023-09-22 07:47:00,ITM Medellín,Habilitada,21.88889
468,2023-09-22 07:48:01,ITM Medellín,Habilitada,21.94444
469,2023-09-22 07:49:00,ITM Medellín,Habilitada,21.94444
470,2023-09-22 07:50:00,ITM Medellín,Habilitada,21.94444
471,2023-09-22 07:51:00,ITM Medellín,Habilitada,22.00000
472,2023-09-22 07:52:00,ITM Medellín,Habilitada,22.05556
473,2023-09-22 07:53:00,ITM Medellín,Habilitada,22.11111
474,2023-09-22 07:54:00,ITM Medellín,Habilitada,22.16667
475,2023-09-22 07:55:00,ITM Medellín,Habilitada,22.22222
476,2023-09-22 07:56:00,ITM Medellín,Habilitada,22.33333
477,2023-09-22 07:57:01,ITM Medellín,Habilitada,22.38889
478,2023-09-22 07:58:00,ITM Medellín,Habilitada,22.50000
479,2023-09-22 07:59:00,ITM Medellín,Habilitada,22.55556
480,2023-09-22 08:00:00,ITM Medellín,Habilitada,22.66667
481,2023-09-22 08:01:00,ITM Medellín,Habilitada,22.66667
482,2023-09-22 08:02:00,ITM Medellín,Habilitada,22.66667
483,2023-09-22 08:03:00,ITM Medellín,Habilitada,22.66667
484,2023-09-22 08:04:01,ITM Medellín,Habilitada,22.61111
485,2023-09-22 08:05:00,ITM Medellín,Habilitada,22.61111
486,2023-09-22 08:06:01,ITM Medellín,Habilitada,22.61111
487,2023-09-22 08:07:00,ITM Medellín,Habilitada,22.66667
488,2023-09-22 08:08:00,ITM Medellín,Habilitada,22.72222
489,2023-09-22 08:09:00,ITM Medellín,Habilitada,22.77778
490,2023-09-22 08:10:00,ITM Medellín,Habilitada,22.88889
491,2023-09-22 08:11:00,ITM Medellín,Habilitada,23.00000
492,2023-09-22 08:12:00,ITM Medellín,Habilitada,23.11111
493,2023-09-22 08:13:01,ITM Medellín,Habilitada,23.16667
494,2023-09-22 08:14:00,ITM Medellín,Habilitada,23.22222
495,2023-09-22 08:15:00,ITM Medellín,Habilitada,23.27778
496,2023-09-22 08:16:00,ITM Medellín,Habilitada,23.33333
497,2023-09-22 08:17:00,ITM Medellín,Habilitada,23.33333
498,2023-09-22 08:18:00,ITM Medellín,Habilitada,23.33333
499,2023-09-22 08:19:00,ITM Medellín,Habilitada,23.27778
500,2023-09-22 08:20:00,ITM Medellín,Habilitada,23.27778
501,2023-09-22 08:21:00,ITM Medellín,Habilitada,23.22222
502,2023-09-22 08:22:01,ITM Medellín,Habilitada,23.16667
503,2023-09-22 08:23:00,ITM Medellín,Habilitada,23.11111
504,2023-09-22 08:24:00,ITM Medellín,Habilitada,23.00000
505,2023-09-22 08:25:00,ITM Medellín,Habilitada,23.00000
506,2023-09-22 08:26:00,ITM Medellín,Habilitada,23.00000
507,2023-09-22 08:27:00,ITM Medellín,Habilitada,23.00000
508,2023-09-22 08:28:00,ITM Medellín,Habilitada,23.05556
509,2023-09-22 08:29:01,ITM Medellín,Habilitada,23.05556
510,2023-09-22 08:30:00,ITM Medellín,Habilitada,23.05556
511,2023-09-22 08:31:01,ITM Medellín,Habilitada,23.00000
512,2023-09-22 08:32:00,ITM Medellín,Habilitada,23.00000
513,2023-09-22 08:33:00,ITM Medellín,Habilitada,22.94444
514,2023-09-22 08:34:00,ITM Medellín,Habilitada,22.94444
515,2023-09-22 08:35:00,ITM Medellín,Habilitada,22.88889
516,2023-09-22 08:36:00,ITM Medellín,Habilitada,22.83333
517,2023-09-22 08:37:00,ITM Medellín,Habilitada,22.77778
518,2023-09-22 08:38:01,ITM Medellín,Habilitada,22.77778
519,2023-09-22 08:39:00,ITM Medellín,Habilitada,22.72222
520,2023-09-22 08:40:11,ITM Medellín,Habilitada,22.72222
521,2023-09-22 08:41:00,ITM Medellín,Habilitada,22.72222
522,2023-09-22 08:42:00,ITM Medellín,Habilitada,22.66667
523,2023-09-22 08:43:01,ITM Medellín,Habilitada,22.66667
524,2023-09-22 08:44:00,ITM Medellín,Habilitada,22.66667
525,2023-09-22 08:45:00,ITM Medellín,Habilitada,22.66667
526,2023-09-22 08:46:00,ITM Medellín,Habilitada,22.72222
527,2023-09-22 08:47:00,ITM Medellín,Habilitada,22.83333
528,2023-09-22 08:48:00,ITM Medellín,Habilitada,22.88889
529,2023-09-22 08:49:00,ITM Medellín,Habilitada,22.94444
530,2023-09-22 08:50:00,ITM Medellín,Habilitada,22.88889
531,2023-09-22 08:51:00,ITM Medellín,Habilitada,22.88889
532,2023-09-22 08:52:01,ITM Medellín,Habilitada,22.83333
533,2023-09-22 08:53:00,ITM Medellín,Habilitada,22.83333
534,2023-09-22 08:54:00,ITM Medellín,Habilitada,22.83333
535,2023-09-22 08:55:10,ITM Medellín,Habilitada,22.83333
536,2023-09-22 08:56:00,ITM Medellín,Habilitada,22.83333
537,2023-09-22 08:57:00,ITM Medellín,Habilitada,22.77778
538,2023-09-22 08:58:01,ITM Medellín,Habilitada,22.77778
539,2023-09-22 08:59:00,ITM Medellín,Habilitada,22.77778
540,2023-09-22 09:00:11,ITM Medellín,Habilitada,22.83333
541,2023-09-22 09:01:00,ITM Medellín,Habilitada,22.83333
542,2023-09-22 09:02:00,ITM Medellín,Habilitada,22.83333
543,2023-09-22 09:03:01,ITM Medellín,Habilitada,22.83333
544,2023-09-22 09:04:00,ITM Medellín,Habilitada,22.88889
545,2023-09-22 09:05:00,ITM Medellín,Habilitada,22.94444
546,2023-09-22 09:06:01,ITM Medellín,Habilitada,23.00000
547,2023-09-22 09:07:00,ITM Medellín,Habilitada,23.05556
548,2023-09-22 09:08:00,ITM Medellín,Habilitada,23.05556
549,2023-09-22 09:09:00,ITM Medellín,Habilitada,23.16667
550,2023-09-22 09:10:00,ITM Medellín,Habilitada,23.22222
551,2023-09-22 09:11:00,ITM Medellín,Habilitada,23.33333
552,2023-09-22 09:12:01,ITM Medellín,Habilitada,23.44444
553,2023-09-22 09:13:00,ITM Medellín,Habilitada,23.55556
554,2023-09-22 09:14:00,ITM Medellín,Habilitada,23.55556
555,2023-09-22 09:15:00,ITM Medellín,Habilitada,23.66667
556,2023-09-22 09:16:00,ITM Medellín,Habilitada,23.72222
557,2023-09-22 09:17:00,ITM Medellín,Habilitada,23.77778
558,2023-09-22 09:18:00,ITM Medellín,Habilitada,23.77778
559,2023-09-22 09:19:01,ITM Medellín,Habilitada,23.77778
560,2023-09-22 09:20:00,ITM Medellín,Habilitada,23.83333
561,2023-09-22 09:21:00,ITM Medellín,Habilitada,23.94444
562,2023-09-22 09:22:01,ITM Medellín,Habilitada,24.05556
563,2023-09-22 09:23:00,ITM Medellín,Habilitada,24.27778
564,2023-09-22 09:24:00,ITM Medellín,Habilitada,24.38889
565,2023-09-22 09:25:00,ITM Medellín,Habilitada,24.50000
566,2023-09-22 09:26:00,ITM Medellín,Habilitada,24.61111
567,2023-09-22 09:27:00,ITM Medellín,Habilitada,24.72222
568,2023-09-22 09:28:01,ITM Medellín,Habilitada,24.83333
569,2023-09-22 09:29:00,ITM Medellín,Habilitada,24.94444
570,2023-09-22 09:30:00,ITM Medellín,Habilitada,25.05556
571,2023-09-22 09:31:00,ITM Medellín,Habilitada,25.16667
572,2023-09-22 09:32:00,ITM Medellín,Habilitada,25.33333
573,2023-09-22 09:33:00,ITM Medellín,Habilitada,25.33333
574,2023-09-22 09:34:00,ITM Medellín,Habilitada,25.27778
575,2023-09-22 09:35:00,ITM Medellín,Habilitada,25.22222
576,2023-09-22 09:36:00,ITM Medellín,Habilitada,25.27778
577,2023-09-22 09:37:01,ITM Medellín,Habilitada,25.33333
578,2023-09-22 09:38:00,ITM Medellín,Habilitada,25.44444
579,2023-09-22 09:39:00,ITM Medellín,Habilitada,25.55556
580,2023-09-22 09:40:00,ITM Medellín,Habilitada,25.66667
581,2023-09-22 09:41:00,ITM Medellín,Habilitada,25.77778
582,2023-09-22 09:42:00,ITM Medellín,Habilitada,25.83333
583,2023-09-22 09:43:00,ITM Medellín,Habilitada,25.94444
584,2023-09-22 09:44:01,ITM Medellín,Habilitada,26.00000
585,2023-09-22 09:45:00,ITM Medellín,Habilitada,26.11111
586,2023-09-22 09:46:01,ITM Medellín,Habilitada,26.16667
587,2023-09-22 09:47:00,ITM Medellín,Habilitada,26.16667
588,2023-09-22 09:48:00,ITM Medellín,Habilitada,26.16667
589,2023-09-22 09:49:00,ITM Medellín,Habilitada,26.05556
590,2023-09-22 09:50:00,ITM Medellín,Habilitada,25.94444
591,2023-09-22 09:51:00,ITM Medellín,Habilitada,25.88889
592,2023-09-22 09:52:00,ITM Medellín,Habilitada,25.77778
593,2023-09-22 09:53:01,ITM Medellín,Habilitada,25.61111
594,2023-09-22 09:54:00,ITM Medellín,Habilitada,25.50000
595,2023-09-22 09:55:00,ITM Medellín,Habilitada,25.44444
596,2023-09-22 09:56:00,ITM Medellín,Habilitada,25.33333
597,2023-09-22 09:57:00,ITM Medellín,Habilitada,25.22222
598,2023-09-22 09:58:00,ITM Medellín,Habilitada,25.16667
599,2023-09-22 09:59:00,ITM Medellín,Habilitada,25.16667
600,2023-09-22 10:00:00,ITM Medellín,Habilitada,25.16667
601,2023-09-22 10:01:00,ITM Medellín,Habilitada,25.22222
602,2023-09-22 10:02:01,ITM Medellín,Habilitada,25.27778
603,2023-09-22 10:03:00,ITM Medellín,Habilitada,25.38889
604,2023-09-22 10:04:00,ITM Medellín,Habilitada,25.55556
605,2023-09-22 10:05:00,ITM Medellín,Habilitada,25.77778
606,2023-09-22 10:06:00,ITM Medellín,Habilitada,26.00000
607,2023-09-22 10:07:00,ITM Medellín,Habilitada,26.22222
608,2023-09-22 10:08:00,ITM Medellín,Habilitada,26.44444
609,2023-09-22 10:09:01,ITM Medellín,Habilitada,26.66667
610,2023-09-22 10:10:00,ITM Medellín,Habilitada,26.83333
611,2023-09-22 10:11:11,ITM Medellín,Habilitada,26.94444
612,2023-09-22 10:12:00,ITM Medellín,Habilitada,26.94444
613,2023-09-22 10:13:00,ITM Medellín,Habilitada,26.94444
614,2023-09-22 10:14:01,ITM Medellín,Habilitada,26.94444
615,2023-09-22 10:15:00,ITM Medellín,Habilitada,27.00000
616,2023-09-22 10:16:01,ITM Medellín,Habilitada,27.11111
617,2023-09-22 10:17:01,ITM Medellín,Habilitada,27.22222
618,2023-09-22 10:18:00,ITM Medellín,Habilitada,27.33333
619,2023-09-22 10:19:00,ITM Medellín,Habilitada,27.50000
620,2023-09-22 10:20:00,ITM Medellín,Habilitada,27.61111
621,2023-09-22 10:21:00,ITM Medellín,Habilitada,27.55556
622,2023-09-22 10:22:00,ITM Medellín,Habilitada,27.50000
623,2023-09-22 10:23:00,ITM Medellín,Habilitada,27.50000
624,2023-09-22 10:24:01,ITM Medellín,Habilitada,27.55556
625,2023-09-22 10:25:00,ITM Medellín,Habilitada,27.55556
626,2023-09-22 10:26:01,ITM Medellín,Habilitada,27.72222
627,2023-09-22 10:27:00,ITM Medellín,Habilitada,27.77778
628,2023-09-22 10:28:00,ITM Medellín,Habilitada,27.88889
629,2023-09-22 10:29:00,ITM Medellín,Habilitada,27.94444
630,2023-09-22 10:30:00,ITM Medellín,Habilitada,28.05556
631,2023-09-22 10:31:00,ITM Medellín,Habilitada,28.22222
632,2023-09-22 10:32:00,ITM Medellín,Habilitada,28.33333
633,2023-09-22 10:33:01,ITM Medellín,Habilitada,28.44444
634,2023-09-22 10:34:00,ITM Medellín,Habilitada,28.38889
635,2023-09-22 10:35:00,ITM Medellín,Habilitada,28.44444
636,2023-09-22 10:36:00,ITM Medellín,Habilitada,28.50000
637,2023-09-22 10:37:00,ITM Medellín,Habilitada,28.55556
638,2023-09-22 10:38:00,ITM Medellín,Habilitada,28.55556
639,2023-09-22 10:39:01,ITM Medellín,Habilitada,28.55556
640,2023-09-22 10:40:00,ITM Medellín,Habilitada,28.55556
641,2023-09-22 10:41:01,ITM Medellín,Habilitada,28.50000
642,2023-09-22 10:42:10,ITM Medellín,Habilitada,28.38889
643,2023-09-22 10:43:00,ITM Medellín,Habilitada,28.33333
644,2023-09-22 10:44:11,ITM Medellín,Habilitada,28.27778
645,2023-09-22 10:45:00,ITM Medellín,Habilitada,28.27778
646,2023-09-22 10:46:01,ITM Medellín,Habilitada,28.33333
647,2023-09-22 10:47:00,ITM Medellín,Habilitada,28.33333
648,2023-09-22 10:48:00,ITM Medellín,Habilitada,28.33333
649,2023-09-22 10:49:00,ITM Medellín,Habilitada,28.22222
650,2023-09-22 10:50:00,ITM Medellín,Habilitada,28.11111
651,2023-09-22 10:51:00,ITM Medellín,Habilitada,28.05556
652,2023-09-22 10:52:00,ITM Medellín,Habilitada,28.11111
653,2023-09-22 10:53:01,ITM Medellín,Habilitada,28.16667
654,2023-09-22 10:54:00,ITM Medellín,Habilitada,28.00000
655,2023-09-22 10:55:00,ITM Medellín,Habilitada,27.77778
656,2023-09-22 10:56:00,ITM Medellín,Habilitada,27.66667
657,2023-09-22 10:57:00,ITM Medellín,Habilitada,27.61111
658,2023-09-22 10:58:00,ITM Medellín,Habilitada,27.55556
659,2023-09-22 10:59:01,ITM Medellín,Habilitada,27.55556
660,2023-09-22 11:00:00,ITM Medellín,Habilitada,27.61111
661,2023-09-22 11:01:00,ITM Medellín,Habilitada,27.77778
662,2023-09-22 11:02:01,ITM Medellín,Habilitada,27.94444
663,2023-09-22 11:03:00,ITM Medellín,Habilitada,28.11111
664,2023-09-22 11:04:00,ITM Medellín,Habilitada,28.27778
665,2023-09-22 11:05:00,ITM Medellín,Habilitada,28.44444
666,2023-09-22 11:06:00,ITM Medellín,Habilitada,28.61111
667,2023-09-22 11:07:00,ITM Medellín,Habilitada,28.72222
668,2023-09-22 11:08:00,ITM Medellín,Habilitada,28.83333
669,2023-09-22 11:09:01,ITM Medellín,Habilitada,28.88889
670,2023-09-22 11:10:00,ITM Medellín,Habilitada,28.77778
671,2023-09-22 11:11:01,ITM Medellín,Habilitada,28.61111
672,2023-09-22 11:12:00,ITM Medellín,Habilitada,28.38889
673,2023-09-22 11:13:00,ITM Medellín,Habilitada,28.27778
674,2023-09-22 11:14:00,ITM Medellín,Habilitada,28.16667
675,2023-09-22 11:15:00,ITM Medellín,Habilitada,28.11111
676,2023-09-22 11:16:00,ITM Medellín,Habilitada,28.16667
677,2023-09-22 11:17:00,ITM Medellín,Habilitada,28.27778
678,2023-09-22 11:18:01,ITM Medellín,Habilitada,28.38889
679,2023-09-22 11:19:00,ITM Medellín,Habilitada,28.44444
680,2023-09-22 11:20:00,ITM Medellín,Habilitada,28.55556
681,2023-09-22 11:21:00,ITM Medellín,Habilitada,28.66667
682,2023-09-22 11:22:00,ITM Medellín,Habilitada,28.77778
683,2023-09-22 11:23:00,ITM Medellín,Habilitada,28.88889
684,2023-09-22 11:24:00,ITM Medellín,Habilitada,28.94444
685,2023-09-22 11:25:00,ITM Medellín,Habilitada,29.00000
686,2023-09-22 11:26:00,ITM Medellín,Habilitada,29.11111
687,2023-09-22 11:27:01,ITM Medellín,Habilitada,29.22222
688,2023-09-22 11:28:00,ITM Medellín,Habilitada,29.27778
689,2023-09-22 11:29:00,ITM Medellín,Habilitada,29.16667
690,2023-09-22 11:30:00,ITM Medellín,Habilitada,29.11111
691,2023-09-22 11:31:00,ITM Medellín,Habilitada,29.11111
692,2023-09-22 11:32:00,ITM Medellín,Habilitada,29.05556
693,2023-09-22 11:33:01,ITM Medellín,Habilitada,29.00000
694,2023-09-22 11:34:00,ITM Medellín,Habilitada,29.00000
695,2023-09-22 11:35:00,ITM Medellín,Habilitada,28.88889
696,2023-09-22 11:36:01,ITM Medellín,Habilitada,28.77778
697,2023-09-22 11:37:00,ITM Medellín,Habilitada,28.77778
698,2023-09-22 11:38:00,ITM Medellín,Habilitada,28.77778
699,2023-09-22 11:39:00,ITM Medellín,Habilitada,28.77778
700,2023-09-22 11:40:00,ITM Medellín,Habilitada,28.83333
701,2023-09-22 11:41:00,ITM Medellín,Habilitada,28.94444
702,2023-09-22 11:42:00,ITM Medellín,Habilitada,29.11111
703,2023-09-22 11:43:01,ITM Medellín,Habilitada,29.27778
704,2023-09-22 11:44:00,ITM Medellín,Habilitada,29.44444
705,2023-09-22 11:45:00,ITM Medellín,Habilitada,29.55556
706,2023-09-22 11:46:00,ITM Medellín,Habilitada,29.55556
707,2023-09-22 11:47:00,ITM Medellín,Habilitada,29.50000
708,2023-09-22 11:48:11,ITM Medellín,Habilitada,29.50000
709,2023-09-22 11:49:00,ITM Medellín,Habilitada,29.55556
710,2023-09-22 11:50:00,ITM Medellín,Habilitada,29.66667
711,2023-09-22 11:51:00,ITM Medellín,Habilitada,29.66667
712,2023-09-22 11:52:00,ITM Medellín,Habilitada,29.66667
713,2023-09-22 11:53:00,ITM Medellín,Habilitada,29.66667
714,2023-09-22 11:54:00,ITM Medellín,Habilitada,29.66667
715,2023-09-22 11:55:00,ITM Medellín,Habilitada,29.77778
716,2023-09-22 11:56:00,ITM Medellín,Habilitada,29.83333
717,2023-09-22 11:57:01,ITM Medellín,Habilitada,29.83333
718,2023-09-22 11:58:00,ITM Medellín,Habilitada,29.88889
719,2023-09-22 11:59:00,ITM Medellín,Habilitada,30.00000
720,2023-09-22 12:00:00,ITM Medellín,Habilitada,30.05556
721,2023-09-22 12:01:00,ITM Medellín,Habilitada,30.11111
722,2023-09-22 12:02:00,ITM Medellín,Habilitada,30.22222
723,2023-09-22 12:03:01,ITM Medellín,Habilitada,30.33333
724,2023-09-22 12:04:00,ITM Medellín,Habilitada,30.33333
725,2023-09-22 12:05:00,ITM Medellín,Habilitada,30.44444
726,2023-09-22 12:06:00,ITM Medellín,Habilitada,30.50000
727,2023-09-22 12:07:00,ITM Medellín,Habilitada,30.55556
728,2023-09-22 12:08:00,ITM Medellín,Habilitada,30.66667
729,2023-09-22 12:09:11,ITM Medellín,Habilitada,30.77778
730,2023-09-22 12:10:00,ITM Medellín,Habilitada,30.83333
731,2023-09-22 12:11:01,ITM Medellín,Habilitada,30.77778
732,2023-09-22 12:12:00,ITM Medellín,Habilitada,30.66667
733,2023-09-22 12:13:00,ITM Medellín,Habilitada,30.50000
734,2023-09-22 12:14:00,ITM Medellín,Habilitada,30.33333
735,2023-09-22 12:15:00,ITM Medellín,Habilitada,30.22222
736,2023-09-22 12:16:00,ITM Medellín,Habilitada,30.27778
737,2023-09-22 12:17:00,ITM Medellín,Habilitada,30.27778
738,2023-09-22 12:18:01,ITM Medellín,Habilitada,30.33333
739,2023-09-22 12:19:00,ITM Medellín,Habilitada,30.44444
740,2023-09-22 12:20:00,ITM Medellín,Habilitada,30.50000
741,2023-09-22 12:21:00,ITM Medellín,Habilitada,30.55556
742,2023-09-22 12:22:00,ITM Medellín,Habilitada,30.61111
743,2023-09-22 12:23:00,ITM Medellín,Habilitada,30.72222
744,2023-09-22 12:24:00,ITM Medellín,Habilitada,30.77778
745,2023-09-22 12:25:00,ITM Medellín,Habilitada,30.83333
746,2023-09-22 12:26:01,ITM Medellín,Habilitada,30.77778
747,2023-09-22 12:27:00,ITM Medellín,Habilitada,30.72222
748,2023-09-22 12:28:00,ITM Medellín,Habilitada,30.66667
749,2023-09-22 12:29:00,ITM Medellín,Habilitada,30.61111
750,2023-09-22 12:30:00,ITM Medellín,Habilitada,30.61111
751,2023-09-22 12:31:00,ITM Medellín,Habilitada,30.66667
752,2023-09-22 12:32:00,ITM Medellín,Habilitada,30.66667
753,2023-09-22 12:33:01,ITM Medellín,Habilitada,30.72222
754,2023-09-22 12:34:00,ITM Medellín,Habilitada,30.72222
755,2023-09-22 12:35:00,ITM Medellín,Habilitada,30.77778
756,2023-09-22 12:36:00,ITM Medellín,Habilitada,30.88889
757,2023-09-22 12:37:00,ITM Medellín,Habilitada,30.94444
758,2023-09-22 12:38:00,ITM Medellín,Habilitada,31.00000
759,2023-09-22 12:39:00,ITM Medellín,Habilitada,31.05556
760,2023-09-22 12:40:00,ITM Medellín,Habilitada,31.11111
761,2023-09-22 12:41:00,ITM Medellín,Habilitada,31.05556
762,2023-09-22 12:42:11,ITM Medellín,Habilitada,30.83333
763,2023-09-22 12:43:00,ITM Medellín,Habilitada,30.66667
764,2023-09-22 12:44:00,ITM Medellín,Habilitada,30.61111
765,2023-09-22 12:45:00,ITM Medellín,Habilitada,30.55556
766,2023-09-22 12:46:00,ITM Medellín,Habilitada,30.66667
767,2023-09-22 12:47:00,ITM Medellín,Habilitada,30.72222
768,2023-09-22 12:48:01,ITM Medellín,Habilitada,30.83333
769,2023-09-22 12:49:00,ITM Medellín,Habilitada,30.88889
770,2023-09-22 12:50:00,ITM Medellín,Habilitada,31.00000
771,2023-09-22 12:51:00,ITM Medellín,Habilitada,31.16667
772,2023-09-22 12:52:00,ITM Medellín,Habilitada,31.27778
773,2023-09-22 12:53:00,ITM Medellín,Habilitada,31.38889
774,2023-09-22 12:54:00,ITM Medellín,Habilitada,31.50000
775,2023-09-22 12:55:00,ITM Medellín,Habilitada,31.55556
776,2023-09-22 12:56:00,ITM Medellín,Habilitada,31.66667
777,2023-09-22 12:57:01,ITM Medellín,Habilitada,31.72222
778,2023-09-22 12:58:00,ITM Medellín,Habilitada,31.72222
779,2023-09-22 12:59:00,ITM Medellín,Habilitada,31.72222
780,2023-09-22 13:00:00,ITM Medellín,Habilitada,31.77778
781,2023-09-22 13:01:00,ITM Medellín,Habilitada,31.83333
782,2023-09-22 13:02:00,ITM Medellín,Habilitada,31.88889
783,2023-09-22 13:03:00,ITM Medellín,Habilitada,31.94444
784,2023-09-22 13:04:01,ITM Medellín,Habilitada,31.94444
785,2023-09-22 13:05:00,ITM Medellín,Habilitada,32.00000
786,2023-09-22 13:06:01,ITM Medellín,Habilitada,31.72222
787,2023-09-22 13:07:00,ITM Medellín,Habilitada,31.33333
788,2023-09-22 13:08:00,ITM Medellín,Habilitada,30.94444
789,2023-09-22 13:09:11,ITM Medellín,Habilitada,30.55556
790,2023-09-22 13:10:00,ITM Medellín,Habilitada,30.33333
791,2023-09-22 13:11:01,ITM Medellín,Habilitada,30.16667
792,2023-09-22 13:12:00,ITM Medellín,Habilitada,30.11111
793,2023-09-22 13:13:00,ITM Medellín,Habilitada,30.11111
794,2023-09-22 13:14:00,ITM Medellín,Habilitada,30.11111
795,2023-09-22 13:15:00,ITM Medellín,Habilitada,30.11111
796,2023-09-22 13:16:00,ITM Medellín,Habilitada,30.22222
797,2023-09-22 13:17:00,ITM Medellín,Habilitada,30.33333
798,2023-09-22 13:18:01,ITM Medellín,Habilitada,30.44444
799,2023-09-22 13:19:00,ITM Medellín,Habilitada,30.66667
800,2023-09-22 13:20:00,ITM Medellín,Habilitada,30.88889
801,2023-09-22 13:21:00,ITM Medellín,Habilitada,31.00000
802,2023-09-22 13:22:00,ITM Medellín,Habilitada,31.05556
803,2023-09-22 13:23:00,ITM Medellín,Habilitada,31.05556
804,2023-09-22 13:24:00,ITM Medellín,Habilitada,31.05556
805,2023-09-22 13:25:00,ITM Medellín,Habilitada,31.05556
806,2023-09-22 13:26:00,ITM Medellín,Habilitada,30.77778
807,2023-09-22 13:27:01,ITM Medellín,Habilitada,30.44444
808,2023-09-22 13:28:00,ITM Medellín,Habilitada,30.22222
809,2023-09-22 13:29:00,ITM Medellín,Habilitada,30.11111
810,2023-09-22 13:30:00,ITM Medellín,Habilitada,30.05556
811,2023-09-22 13:31:00,ITM Medellín,Habilitada,30.05556
812,2023-09-22 13:32:00,ITM Medellín,Habilitada,30.05556
813,2023-09-22 13:33:00,ITM Medellín,Habilitada,30.16667
814,2023-09-22 13:34:01,ITM Medellín,Habilitada,30.33333
815,2023-09-22 13:35:00,ITM Medellín,Habilitada,30.38889
816,2023-09-22 13:36:01,ITM Medellín,Habilitada,30.44444
817,2023-09-22 13:37:00,ITM Medellín,Habilitada,30.50000
818,2023-09-22 13:38:00,ITM Medellín,Habilitada,30.55556
819,2023-09-22 13:39:00,ITM Medellín,Habilitada,30.44444
820,2023-09-22 13:40:10,ITM Medellín,Habilitada,30.38889
821,2023-09-22 13:41:00,ITM Medellín,Habilitada,30.38889
822,2023-09-22 13:42:01,ITM Medellín,Habilitada,30.38889
823,2023-09-22 13:43:00,ITM Medellín,Habilitada,30.33333
824,2023-09-22 13:44:00,ITM Medellín,Habilitada,30.27778
825,2023-09-22 13:45:00,ITM Medellín,Habilitada,30.27778
826,2023-09-22 13:46:00,ITM Medellín,Habilitada,30.44444
827,2023-09-22 13:47:00,ITM Medellín,Habilitada,30.61111
828,2023-09-22 13:48:00,ITM Medellín,Habilitada,30.83333
829,2023-09-22 13:49:01,ITM Medellín,Habilitada,31.00000
830,2023-09-22 13:50:00,ITM Medellín,Habilitada,31.11111
831,2023-09-22 13:51:01,ITM Medellín,Habilitada,31.11111
832,2023-09-22 13:52:00,ITM Medellín,Habilitada,31.11111
833,2023-09-22 13:53:00,ITM Medellín,Habilitada,31.05556
834,2023-09-22 13:54:00,ITM Medellín,Habilitada,31.11111
835,2023-09-22 13:55:00,ITM Medellín,Habilitada,31.22222
836,2023-09-22 13:56:00,ITM Medellín,Habilitada,31.33333
837,2023-09-22 13:57:00,ITM Medellín,Habilitada,31.44444
838,2023-09-22 13:58:01,ITM Medellín,Habilitada,31.55556
839,2023-09-22 13:59:00,ITM Medellín,Habilitada,31.72222
840,2023-09-22 14:00:00,ITM Medellín,Habilitada,31.77778
841,2023-09-22 14:01:01,ITM Medellín,Habilitada,31.88889
842,2023-09-22 14:02:00,ITM Medellín,Habilitada,31.88889
843,2023-09-22 14:03:00,ITM Medellín,Habilitada,31.94444
844,2023-09-22 14:04:00,ITM Medellín,Habilitada,32.00000
845,2023-09-22 14:05:00,ITM Medellín,Habilitada,31.94444
846,2023-09-22 14:06:11,ITM Medellín,Habilitada,31.72222
847,2023-09-22 14:07:00,ITM Medellín,Habilitada,31.50000
848,2023-09-22 14:08:00,ITM Medellín,Habilitada,31.16667
849,2023-09-22 14:09:00,ITM Medellín,Habilitada,30.94444
850,2023-09-22 14:10:00,ITM Medellín,Habilitada,30.83333
851,2023-09-22 14:11:00,ITM Medellín,Habilitada,30.61111
852,2023-09-22 14:12:00,ITM Medellín,Habilitada,30.50000
853,2023-09-22 14:13:11,ITM Medellín,Habilitada,30.50000
854,2023-09-22 14:14:00,ITM Medellín,Habilitada,30.44444
855,2023-09-22 14:15:00,ITM Medellín,Habilitada,30.38889
856,2023-09-22 14:16:00,ITM Medellín,Habilitada,30.38889
857,2023-09-22 14:17:00,ITM Medellín,Habilitada,30.44444
858,2023-09-22 14:18:01,ITM Medellín,Habilitada,30.50000
859,2023-09-22 14:19:00,ITM Medellín,Habilitada,30.50000
860,2023-09-22 14:20:00,ITM Medellín,Habilitada,30.55556
861,2023-09-22 14:21:00,ITM Medellín,Habilitada,30.50000
862,2023-09-22 14:22:00,ITM Medellín,Habilitada,30.55556
863,2023-09-22 14:23:00,ITM Medellín,Habilitada,30.55556
864,2023-09-22 14:24:00,ITM Medellín,Habilitada,30.61111
865,2023-09-22 14:25:00,ITM Medellín,Habilitada,30.66667
866,2023-09-22 14:26:00,ITM Medellín,Habilitada,30.72222
867,2023-09-22 14:27:01,ITM Medellín,Habilitada,30.77778
868,2023-09-22 14:28:00,ITM Medellín,Habilitada,30.77778
869,2023-09-22 14:29:00,ITM Medellín,Habilitada,30.77778
870,2023-09-22 14:30:00,ITM Medellín,Habilitada,30.61111
871,2023-09-22 14:31:00,ITM Medellín,Habilitada,30.55556
872,2023-09-22 14:32:00,ITM Medellín,Habilitada,30.44444
873,2023-09-22 14:33:00,ITM Medellín,Habilitada,30.38889
874,2023-09-22 14:34:01,ITM Medellín,Habilitada,30.44444
875,2023-09-22 14:35:00,ITM Medellín,Habilitada,30.50000
876,2023-09-22 14:36:01,ITM Medellín,Habilitada,30.55556
877,2023-09-22 14:37:00,ITM Medellín,Habilitada,30.61111
878,2023-09-22 14:38:00,ITM Medellín,Habilitada,30.66667
879,2023-09-22 14:39:00,ITM Medellín,Habilitada,30.72222
880,2023-09-22 14:40:00,ITM Medellín,Habilitada,30.72222
881,2023-09-22 14:41:00,ITM Medellín,Habilitada,30.66667
882,2023-09-22 14:42:00,ITM Medellín,Habilitada,30.61111
883,2023-09-22 14:43:01,ITM Medellín,Habilitada,30.61111
884,2023-09-22 14:44:00,ITM Medellín,Habilitada,30.66667
885,2023-09-22 14:45:11,ITM Medellín,Habilitada,30.77778
886,2023-09-22 14:46:00,ITM Medellín,Habilitada,30.88889
887,2023-09-22 14:47:00,ITM Medellín,Habilitada,31.00000
888,2023-09-22 14:48:00,ITM Medellín,Habilitada,31.05556
889,2023-09-22 14:49:01,ITM Medellín,Habilitada,30.94444
890,2023-09-22 14:50:00,ITM Medellín,Habilitada,30.77778
891,2023-09-22 14:51:01,ITM Medellín,Habilitada,30.66667
892,2023-09-22 14:52:00,ITM Medellín,Habilitada,30.66667
893,2023-09-22 14:53:00,ITM Medellín,Habilitada,30.66667
894,2023-09-22 14:54:00,ITM Medellín,Habilitada,30.66667
895,2023-09-22 14:55:00,ITM Medellín,Habilitada,30.66667
896,2023-09-22 14:56:00,ITM Medellín,Habilitada,30.66667
897,2023-09-22 14:57:00,ITM Medellín,Habilitada,30.55556
898,2023-09-22 14:58:00,ITM Medellín,Habilitada,30.55556
899,2023-09-22 14:59:00,ITM Medellín,Habilitada,30.66667
900,2023-09-22 15:00:00,ITM Medellín,Habilitada,30.77778
901,2023-09-22 15:01:00,ITM Medellín,Habilitada,30.83333
902,2023-09-22 15:02:00,ITM Medellín,Habilitada,30.77778
903,2023-09-22 15:03:00,ITM Medellín,Habilitada,30.72222
904,2023-09-22 15:04:01,ITM Medellín,Habilitada,30.66667
905,2023-09-22 15:05:00,ITM Medellín,Habilitada,30.55556
906,2023-09-22 15:06:01,ITM Medellín,Habilitada,30.44444
907,2023-09-22 15:07:00,ITM Medellín,Habilitada,30.38889
908,2023-09-22 15:08:00,ITM Medellín,Habilitada,30.27778
909,2023-09-22 15:09:00,ITM Medellín,Habilitada,30.05556
910,2023-09-22 15:10:00,ITM Medellín,Habilitada,29.94444
911,2023-09-22 15:11:00,ITM Medellín,Habilitada,29.88889
912,2023-09-22 15:12:00,ITM Medellín,Habilitada,29.77778
913,2023-09-22 15:13:01,ITM Medellín,Habilitada,29.72222
914,2023-09-22 15:14:00,ITM Medellín,Habilitada,29.77778
915,2023-09-22 15:15:00,ITM Medellín,Habilitada,29.72222
916,2023-09-22 15:16:00,ITM Medellín,Habilitada,29.72222
917,2023-09-22 15:17:00,ITM Medellín,Habilitada,29.66667
918,2023-09-22 15:18:00,ITM Medellín,Habilitada,29.61111
919,2023-09-22 15:19:00,ITM Medellín,Habilitada,29.55556
920,2023-09-22 15:20:00,ITM Medellín,Habilitada,29.50000
921,2023-09-22 15:21:00,ITM Medellín,Habilitada,29.38889
922,2023-09-22 15:22:01,ITM Medellín,Habilitada,29.33333
923,2023-09-22 15:23:00,ITM Medellín,Habilitada,29.33333
924,2023-09-22 15:24:00,ITM Medellín,Habilitada,29.38889
925,2023-09-22 15:25:00,ITM Medellín,Habilitada,29.38889
926,2023-09-22 15:26:00,ITM Medellín,Habilitada,29.38889
927,2023-09-22 15:27:00,ITM Medellín,Habilitada,29.38889
928,2023-09-22 15:28:11,ITM Medellín,Habilitada,29.38889
929,2023-09-22 15:29:00,ITM Medellín,Habilitada,29.38889
930,2023-09-22 15:30:00,ITM Medellín,Habilitada,29.44444
931,2023-09-22 15:31:00,ITM Medellín,Habilitada,29.44444
932,2023-09-22 15:32:00,ITM Medellín,Habilitada,29.44444
933,2023-09-22 15:33:00,ITM Medellín,Habilitada,29.44444
934,2023-09-22 15:34:01,ITM Medellín,Habilitada,29.44444
935,2023-09-22 15:35:00,ITM Medellín,Habilitada,29.44444
936,2023-09-22 15:36:01,ITM Medellín,Habilitada,29.38889
937,2023-09-22 15:37:00,ITM Medellín,Habilitada,29.38889
938,2023-09-22 15:38:00,ITM Medellín,Habilitada,29.33333
939,2023-09-22 15:39:00,ITM Medellín,Habilitada,29.27778
940,2023-09-22 15:40:00,ITM Medellín,Habilitada,29.27778
941,2023-09-22 15:41:00,ITM Medellín,Habilitada,29.22222
942,2023-09-22 15:42:00,ITM Medellín,Habilitada,29.22222
943,2023-09-22 15:43:01,ITM Medellín,Habilitada,29.22222
944,2023-09-22 15:44:00,ITM Medellín,Habilitada,29.22222
945,2023-09-22 15:45:00,ITM Medellín,Habilitada,29.22222
946,2023-09-22 15:46:00,ITM Medellín,Habilitada,29.16667
947,2023-09-22 15:47:00,ITM Medellín,Habilitada,29.16667
948,2023-09-22 15:48:00,ITM Medellín,Habilitada,29.16667
949,2023-09-22 15:49:00,ITM Medellín,Habilitada,29.16667
950,2023-09-22 15:50:00,ITM Medellín,Habilitada,29.11111
951,2023-09-22 15:51:00,ITM Medellín,Habilitada,29.11111
952,2023-09-22 15:52:01,ITM Medellín,Habilitada,29.11111
953,2023-09-22 15:53:00,ITM Medellín,Habilitada,29.11111
954,2023-09-22 15:54:00,ITM Medellín,Habilitada,29.11111
955,2023-09-22 15:55:00,ITM Medellín,Habilitada,29.00000
956,2023-09-22 15:56:00,ITM Medellín,Habilitada,28.83333
957,2023-09-22 15:57:00,ITM Medellín,Habilitada,28.50000
958,2023-09-22 15:58:00,ITM Medellín,Habilitada,28.27778
959,2023-09-22 15:59:01,ITM Medellín,Habilitada,27.94444
960,2023-09-22 16:00:00,ITM Medellín,Habilitada,27.50000
961,2023-09-22 16:01:01,ITM Medellín,Habilitada,27.16667
962,2023-09-22 16:02:00,ITM Medellín,Habilitada,26.94444
963,2023-09-22 16:03:00,ITM Medellín,Habilitada,26.72222
964,2023-09-22 16:04:00,ITM Medellín,Habilitada,26.55556
965,2023-09-22 16:05:00,ITM Medellín,Habilitada,26.44444
966,2023-09-22 16:06:00,ITM Medellín,Habilitada,26.33333
967,2023-09-22 16:07:00,ITM Medellín,Habilitada,26.22222
968,2023-09-22 16:08:01,ITM Medellín,Habilitada,26.22222
969,2023-09-22 16:09:00,ITM Medellín,Habilitada,26.16667
970,2023-09-22 16:10:00,ITM Medellín,Habilitada,26.11111
971,2023-09-22 16:11:00,ITM Medellín,Habilitada,26.05556
972,2023-09-22 16:12:00,ITM Medellín,Habilitada,26.05556
973,2023-09-22 16:13:00,ITM Medellín,Habilitada,26.00000
974,2023-09-22 16:14:01,ITM Medellín,Habilitada,26.05556
975,2023-09-22 16:15:00,ITM Medellín,Habilitada,26.05556
976,2023-09-22 16:16:11,ITM Medellín,Habilitada,26.11111
977,2023-09-22 16:17:00,ITM Medellín,Habilitada,26.11111
978,2023-09-22 16:18:00,ITM Medellín,Habilitada,26.05556
979,2023-09-22 16:19:00,ITM Medellín,Habilitada,26.05556
980,2023-09-22 16:20:00,ITM Medellín,Habilitada,26.11111
981,2023-09-22 16:21:00,ITM Medellín,Habilitada,26.11111
982,2023-09-22 16:22:01,ITM Medellín,Habilitada,26.11111
983,2023-09-22 16:23:00,ITM Medellín,Habilitada,26.11111
984,2023-09-22 16:24:00,ITM Medellín,Habilitada,26.11111
985,2023-09-22 16:25:00,ITM Medellín,Habilitada,26.11111
986,2023-09-22 16:26:00,ITM Medellín,Habilitada,26.11111
987,2023-09-22 16:27:00,ITM Medellín,Habilitada,26.11111
988,2023-09-22 16:28:00,ITM Medellín,Habilitada,26.16667
989,2023-09-22 16:29:01,ITM Medellín,Habilitada,26.16667
990,2023-09-22 16:30:00,ITM Medellín,Habilitada,26.22222
991,2023-09-22 16:31:11,ITM Medellín,Habilitada,26.22222
992,2023-09-22 16:32:00,ITM Medellín,Habilitada,26.27778
993,2023-09-22 16:33:00,ITM Medellín,Habilitada,26.27778
994,2023-09-22 16:34:01,ITM Medellín,Habilitada,26.27778
995,2023-09-22 16:35:00,ITM Medellín,Habilitada,26.27778
996,2023-09-22 16:36:01,ITM Medellín,Habilitada,26.27778
997,2023-09-22 16:37:00,ITM Medellín,Habilitada,26.27778
998,2023-09-22 16:38:00,ITM Medellín,Habilitada,26.27778
999,2023-09-22 16:39:00,ITM Medellín,Habilitada,26.27778
1000,2023-09-22 16:40:00,ITM Medellín,Habilitada,26.22222
1001,2023-09-22 16:41:00,ITM Medellín,Habilitada,26.22222
1002,2023-09-22 16:42:00,ITM Medellín,Habilitada,26.22222
1003,2023-09-22 16:43:01,ITM Medellín,Habilitada,26.22222
1004,2023-09-22 16:44:00,ITM Medellín,Habilitada,26.22222
1005,2023-09-22 16:45:00,ITM Medellín,Habilitada,26.22222
1006,2023-09-22 16:46:00,ITM Medellín,Habilitada,26.22222
1007,2023-09-22 16:47:00,ITM Medellín,Habilitada,26.16667
1008,2023-09-22 16:48:00,ITM Medellín,Habilitada,26.16667
1009,2023-09-22 16:49:00,ITM Medellín,Habilitada,26.16667
1010,2023-09-22 16:50:00,ITM Medellín,Habilitada,26.16667
1011,2023-09-22 16:51:00,ITM Medellín,Habilitada,26.11111
1012,2023-09-22 16:52:01,ITM Medellín,Habilitada,26.11111
1013,2023-09-22 16:53:00,ITM Medellín,Habilitada,26.05556
1014,2023-09-22 16:54:00,ITM Medellín,Habilitada,26.05556
1015,2023-09-22 16:55:00,ITM Medellín,Habilitada,26.00000
1016,2023-09-22 16:56:00,ITM Medellín,Habilitada,26.00000
1017,2023-09-22 16:57:00,ITM Medellín,Habilitada,26.00000
1018,2023-09-22 16:58:11,ITM Medellín,Habilitada,26.00000
1019,2023-09-22 16:59:00,ITM Medellín,Habilitada,26.00000
1020,2023-09-22 17:00:00,ITM Medellín,Habilitada,26.00000
1021,2023-09-22 17:01:00,ITM Medellín,Habilitada,26.05556
1022,2023-09-22 17:02:00,ITM Medellín,Habilitada,26.00000
1023,2023-09-22 17:03:00,ITM Medellín,Habilitada,26.05556
1024,2023-09-22 17:04:01,ITM Medellín,Habilitada,26.05556
1025,2023-09-22 17:05:00,ITM Medellín,Habilitada,26.05556
1026,2023-09-22 17:06:01,ITM Medellín,Habilitada,26.00000
1027,2023-09-22 17:07:00,ITM Medellín,Habilitada,26.00000
1028,2023-09-22 17:08:00,ITM Medellín,Habilitada,25.94444
1029,2023-09-22 17:09:00,ITM Medellín,Habilitada,25.94444
1030,2023-09-22 17:10:00,ITM Medellín,Habilitada,25.88889
1031,2023-09-22 17:11:00,ITM Medellín,Habilitada,25.83333
1032,2023-09-22 17:12:00,ITM Medellín,Habilitada,25.83333
1033,2023-09-22 17:13:01,ITM Medellín,Habilitada,25.77778
1034,2023-09-22 17:14:00,ITM Medellín,Habilitada,25.77778
1035,2023-09-22 17:15:10,ITM Medellín,Habilitada,25.72222
1036,2023-09-22 17:16:00,ITM Medellín,Habilitada,25.66667
1037,2023-09-22 17:17:00,ITM Medellín,Habilitada,25.66667
1038,2023-09-22 17:18:00,ITM Medellín,Habilitada,25.66667
1039,2023-09-22 17:19:01,ITM Medellín,Habilitada,25.72222
1040,2023-09-22 17:20:00,ITM Medellín,Habilitada,25.72222
1041,2023-09-22 17:21:00,ITM Medellín,Habilitada,25.72222
1042,2023-09-22 17:22:00,ITM Medellín,Habilitada,25.72222
1043,2023-09-22 17:23:00,ITM Medellín,Habilitada,25.72222
1044,2023-09-22 17:24:00,ITM Medellín,Habilitada,25.72222
1045,2023-09-22 17:25:00,ITM Medellín,Habilitada,25.72222
1046,2023-09-22 17:26:00,ITM Medellín,Habilitada,25.72222
1047,2023-09-22 17:27:01,ITM Medellín,Habilitada,25.77778
1048,2023-09-22 17:28:00,ITM Medellín,Habilitada,25.77778
1049,2023-09-22 17:29:00,ITM Medellín,Habilitada,25.77778
1050,2023-09-22 17:30:00,ITM Medellín,Habilitada,25.77778
1051,2023-09-22 17:31:00,ITM Medellín,Habilitada,25.72222
1052,2023-09-22 17:32:00,ITM Medellín,Habilitada,25.72222
1053,2023-09-22 17:33:00,ITM Medellín,Habilitada,25.66667
1054,2023-09-22 17:34:01,ITM Medellín,Habilitada,25.66667
1055,2023-09-22 17:35:00,ITM Medellín,Habilitada,25.66667
1056,2023-09-22 17:36:01,ITM Medellín,Habilitada,25.66667
1057,2023-09-22 17:37:00,ITM Medellín,Habilitada,25.66667
1058,2023-09-22 17:38:00,ITM Medellín,Habilitada,25.66667
1059,2023-09-22 17:39:00,ITM Medellín,Habilitada,25.66667
1060,2023-09-22 17:40:00,ITM Medellín,Habilitada,25.66667
1061,2023-09-22 17:41:00,ITM Medellín,Habilitada,25.66667
1062,2023-09-22 17:42:00,ITM Medellín,Habilitada,25.66667
1063,2023-09-22 17:43:01,ITM Medellín,Habilitada,25.66667
1064,2023-09-22 17:44:00,ITM Medellín,Habilitada,25.66667
1065,2023-09-22 17:45:00,ITM Medellín,Habilitada,25.61111
1066,2023-09-22 17:46:00,ITM Medellín,Habilitada,25.61111
1067,2023-09-22 17:47:00,ITM Medellín,Habilitada,25.61111
1068,2023-09-22 17:48:00,ITM Medellín,Habilitada,25.61111
1069,2023-09-22 17:49:00,ITM Medellín,Habilitada,25.61111
1070,2023-09-22 17:50:00,ITM Medellín,Habilitada,25.55556
1071,2023-09-22 17:51:00,ITM Medellín,Habilitada,25.61111
1072,2023-09-22 17:52:01,ITM Medellín,Habilitada,25.61111
1073,2023-09-22 17:53:00,ITM Medellín,Habilitada,25.55556
1074,2023-09-22 17:54:00,ITM Medellín,Habilitada,25.55556
1075,2023-09-22 17:55:00,ITM Medellín,Habilitada,25.55556
1076,2023-09-22 17:56:00,ITM Medellín,Habilitada,25.55556
1077,2023-09-22 17:57:00,ITM Medellín,Habilitada,25.55556
1078,2023-09-22 17:58:00,ITM Medellín,Habilitada,25.55556
1079,2023-09-22 17:59:01,ITM Medellín,Habilitada,25.55556
1080,2023-09-22 18:00:00,ITM Medellín,Habilitada,25.55556
1081,2023-09-22 18:01:01,ITM Medellín,Habilitada,25.55556
1082,2023-09-22 18:02:00,ITM Medellín,Habilitada,25.55556
1083,2023-09-22 18:03:00,ITM Medellín,Habilitada,25.55556
1084,2023-09-22 18:04:00,ITM Medellín,Habilitada,25.55556
1085,2023-09-22 18:05:00,ITM Medellín,Habilitada,25.55556
1086,2023-09-22 18:06:00,ITM Medellín,Habilitada,25.55556
1087,2023-09-22 18:07:00,ITM Medellín,Habilitada,25.50000
1088,2023-09-22 18:08:01,ITM Medellín,Habilitada,25.50000
1089,2023-09-22 18:09:00,ITM Medellín,Habilitada,25.50000
1090,2023-09-22 18:10:00,ITM Medellín,Habilitada,25.50000
1091,2023-09-22 18:11:00,ITM Medellín,Habilitada,25.50000
1092,2023-09-22 18:12:00,ITM Medellín,Habilitada,25.50000
1093,2023-09-22 18:13:00,ITM Medellín,Habilitada,25.50000
1094,2023-09-22 18:14:00,ITM Medellín,Habilitada,25.50000
1095,2023-09-22 18:15:00,ITM Medellín,Habilitada,25.44444
1096,2023-09-22 18:16:00,ITM Medellín,Habilitada,25.44444
1097,2023-09-22 18:17:01,ITM Medellín,Habilitada,25.38889
1098,2023-09-22 18:18:00,ITM Medellín,Habilitada,25.33333
1099,2023-09-22 18:19:00,ITM Medellín,Habilitada,25.27778
1100,2023-09-22 18:20:00,ITM Medellín,Habilitada,25.27778
1101,2023-09-22 18:21:00,ITM Medellín,Habilitada,25.27778
1102,2023-09-22 18:22:00,ITM Medellín,Habilitada,25.27778
1103,2023-09-22 18:23:00,ITM Medellín,Habilitada,25.27778
1104,2023-09-22 18:24:01,ITM Medellín,Habilitada,25.27778
1105,2023-09-22 18:25:00,ITM Medellín,Habilitada,25.27778
1106,2023-09-22 18:26:01,ITM Medellín,Habilitada,25.22222
1107,2023-09-22 18:27:00,ITM Medellín,Habilitada,25.22222
1108,2023-09-22 18:28:00,ITM Medellín,Habilitada,25.16667
1109,2023-09-22 18:29:00,ITM Medellín,Habilitada,25.11111
1110,2023-09-22 18:30:00,ITM Medellín,Habilitada,25.05556
1111,2023-09-22 18:31:00,ITM Medellín,Habilitada,25.00000
1112,2023-09-22 18:32:00,ITM Medellín,Habilitada,25.00000
1113,2023-09-22 18:33:01,ITM Medellín,Habilitada,24.94444
1114,2023-09-22 18:34:00,ITM Medellín,Habilitada,24.94444
1115,2023-09-22 18:35:00,ITM Medellín,Habilitada,24.88889
1116,2023-09-22 18:36:00,ITM Medellín,Habilitada,24.88889
1117,2023-09-22 18:37:00,ITM Medellín,Habilitada,24.88889
1118,2023-09-22 18:38:00,ITM Medellín,Habilitada,24.83333
1119,2023-09-22 18:39:00,ITM Medellín,Habilitada,24.83333
1120,2023-09-22 18:40:00,ITM Medellín,Habilitada,24.77778
1121,2023-09-22 18:41:00,ITM Medellín,Habilitada,24.83333
1122,2023-09-22 18:42:01,ITM Medellín,Habilitada,24.77778
1123,2023-09-22 18:43:00,ITM Medellín,Habilitada,24.77778
1124,2023-09-22 18:44:00,ITM Medellín,Habilitada,24.77778
1125,2023-09-22 18:45:00,ITM Medellín,Habilitada,24.77778
1126,2023-09-22 18:46:00,ITM Medellín,Habilitada,24.77778
1127,2023-09-22 18:47:00,ITM Medellín,Habilitada,24.72222
1128,2023-09-22 18:48:00,ITM Medellín,Habilitada,24.72222
1129,2023-09-22 18:49:01,ITM Medellín,Habilitada,24.77778
1130,2023-09-22 18:50:00,ITM Medellín,Habilitada,24.72222
1131,2023-09-22 18:51:01,ITM Medellín,Habilitada,24.77778
1132,2023-09-22 18:52:00,ITM Medellín,Habilitada,24.77778
1133,2023-09-22 18:53:00,ITM Medellín,Habilitada,24.72222
1134,2023-09-22 18:54:00,ITM Medellín,Habilitada,24.72222
1135,2023-09-22 18:55:00,ITM Medellín,Habilitada,24.72222
1136,2023-09-22 18:56:00,ITM Medellín,Habilitada,24.72222
1137,2023-09-22 18:57:00,ITM Medellín,Habilitada,24.72222
1138,2023-09-22 18:58:01,ITM Medellín,Habilitada,24.66667
1139,2023-09-22 18:59:00,ITM Medellín,Habilitada,24.66667
1140,2023-09-22 19:00:00,ITM Medellín,Habilitada,24.61111
1141,2023-09-22 19:01:00,ITM Medellín,Habilitada,24.61111
1142,2023-09-22 19:02:00,ITM Medellín,Habilitada,24.55556
1143,2023-09-22 19:03:00,ITM Medellín,Habilitada,24.55556
1144,2023-09-22 19:04:00,ITM Medellín,Habilitada,24.55556
1145,2023-09-22 19:05:00,ITM Medellín,Habilitada,24.50000
1146,2023-09-22 19:06:00,ITM Medellín,Habilitada,24.44444
1147,2023-09-22 19:07:01,ITM Medellín,Habilitada,24.44444
1148,2023-09-22 19:08:10,ITM Medellín,Habilitada,24.44444
1149,2023-09-22 19:09:00,ITM Medellín,Habilitada,24.38889
1150,2023-09-22 19:10:00,ITM Medellín,Habilitada,24.33333
1151,2023-09-22 19:11:00,ITM Medellín,Habilitada,24.33333
1152,2023-09-22 19:12:00,ITM Medellín,Habilitada,24.33333
1153,2023-09-22 19:13:01,ITM Medellín,Habilitada,24.33333
1154,2023-09-22 19:14:00,ITM Medellín,Habilitada,24.33333
1155,2023-09-22 19:15:00,ITM Medellín,Habilitada,24.27778
1156,2023-09-22 19:16:00,ITM Medellín,Habilitada,24.27778
1157,2023-09-22 19:17:00,ITM Medellín,Habilitada,24.22222
1158,2023-09-22 19:18:00,ITM Medellín,Habilitada,24.22222
1159,2023-09-22 19:19:00,ITM Medellín,Habilitada,24.16667
1160,2023-09-22 19:20:00,ITM Medellín,Habilitada,24.16667
1161,2023-09-22 19:21:00,ITM Medellín,Habilitada,24.16667
1162,2023-09-22 19:22:01,ITM Medellín,Habilitada,24.16667
1163,2023-09-22 19:23:00,ITM Medellín,Habilitada,24.22222
1164,2023-09-22 19:24:00,ITM Medellín,Habilitada,24.22222
1165,2023-09-22 19:25:00,ITM Medellín,Habilitada,24.27778
1166,2023-09-22 19:26:00,ITM Medellín,Habilitada,24.27778
1167,2023-09-22 19:27:00,ITM Medellín,Habilitada,24.27778
1168,2023-09-22 19:28:00,ITM Medellín,Habilitada,24.27778
1169,2023-09-22 19:29:01,ITM Medellín,Habilitada,24.27778
1170,2023-09-22 19:30:00,ITM Medellín,Habilitada,24.22222
1171,2023-09-22 19:31:01,ITM Medellín,Habilitada,24.22222
1172,2023-09-22 19:32:00,ITM Medellín,Habilitada,24.22222
1173,2023-09-22 19:33:00,ITM Medellín,Habilitada,24.16667
1174,2023-09-22 19:34:00,ITM Medellín,Habilitada,24.11111
1175,2023-09-22 19:35:00,ITM Medellín,Habilitada,24.05556
1176,2023-09-22 19:36:00,ITM Medellín,Habilitada,24.00000
1177,2023-09-22 19:37:00,ITM Medellín,Habilitada,23.94444
1178,2023-09-22 19:38:01,ITM Medellín,Habilitada,23.88889
1179,2023-09-22 19:39:00,ITM Medellín,Habilitada,23.83333
1180,2023-09-22 19:40:00,ITM Medellín,Habilitada,23.77778
1181,2023-09-22 19:41:00,ITM Medellín,Habilitada,23.72222
1182,2023-09-22 19:42:10,ITM Medellín,Habilitada,23.66667
1183,2023-09-22 19:43:00,ITM Medellín,Habilitada,23.66667
1184,2023-09-22 19:44:01,ITM Medellín,Habilitada,23.66667
1185,2023-09-22 19:45:00,ITM Medellín,Habilitada,23.66667
1186,2023-09-22 19:46:01,ITM Medellín,Habilitada,23.72222
1187,2023-09-22 19:47:00,ITM Medellín,Habilitada,23.72222
1188,2023-09-22 19:48:00,ITM Medellín,Habilitada,23.72222
1189,2023-09-22 19:49:00,ITM Medellín,Habilitada,23.72222
1190,2023-09-22 19:50:00,ITM Medellín,Habilitada,23.72222
1191,2023-09-22 19:51:00,ITM Medellín,Habilitada,23.66667
1192,2023-09-22 19:52:00,ITM Medellín,Habilitada,23.61111
1193,2023-09-22 19:53:01,ITM Medellín,Habilitada,23.55556
1194,2023-09-22 19:54:00,ITM Medellín,Habilitada,23.44444
1195,2023-09-22 19:55:00,ITM Medellín,Habilitada,23.38889
1196,2023-09-22 19:56:00,ITM Medellín,Habilitada,23.33333
1197,2023-09-22 19:57:00,ITM Medellín,Habilitada,23.22222
1198,2023-09-22 19:58:00,ITM Medellín,Habilitada,23.05556
1199,2023-09-22 19:59:00,ITM Medellín,Habilitada,22.88889
1200,2023-09-22 20:00:00,ITM Medellín,Habilitada,22.72222
1201,2023-09-22 20:01:00,ITM Medellín,Habilitada,22.55556
1202,2023-09-22 20:02:01,ITM Medellín,Habilitada,22.44444
1203,2023-09-22 20:03:00,ITM Medellín,Habilitada,22.33333
1204,2023-09-22 20:04:00,ITM Medellín,Habilitada,22.22222
1205,2023-09-22 20:05:00,ITM Medellín,Habilitada,22.05556
1206,2023-09-22 20:06:00,ITM Medellín,Habilitada,21.77778
1207,2023-09-22 20:07:00,ITM Medellín,Habilitada,21.50000
1208,2023-09-22 20:08:00,ITM Medellín,Habilitada,21.16667
1209,2023-09-22 20:09:01,ITM Medellín,Habilitada,20.77778
1210,2023-09-22 20:10:00,ITM Medellín,Habilitada,20.50000
1211,2023-09-22 20:11:01,ITM Medellín,Habilitada,20.05556
1212,2023-09-22 20:12:00,ITM Medellín,Habilitada,19.77778
1213,2023-09-22 20:13:00,ITM Medellín,Habilitada,19.55556
1214,2023-09-22 20:14:00,ITM Medellín,Habilitada,19.38889
1215,2023-09-22 20:15:00,ITM Medellín,Habilitada,19.27778
1216,2023-09-22 20:16:00,ITM Medellín,Habilitada,19.22222
1217,2023-09-22 20:17:00,ITM Medellín,Habilitada,19.11111
1218,2023-09-22 20:18:01,ITM Medellín,Habilitada,19.00000
1219,2023-09-22 20:19:00,ITM Medellín,Habilitada,18.88889
1220,2023-09-22 20:20:00,ITM Medellín,Habilitada,18.83333
1221,2023-09-22 20:21:01,ITM Medellín,Habilitada,18.83333
1222,2023-09-22 20:22:00,ITM Medellín,Habilitada,18.77778
1223,2023-09-22 20:23:00,ITM Medellín,Habilitada,18.72222
1224,2023-09-22 20:24:00,ITM Medellín,Habilitada,18.72222
1225,2023-09-22 20:25:00,ITM Medellín,Habilitada,18.77778
1226,2023-09-22 20:26:00,ITM Medellín,Habilitada,18.72222
1227,2023-09-22 20:27:00,ITM Medellín,Habilitada,18.72222
1228,2023-09-22 20:28:01,ITM Medellín,Habilitada,18.66667
1229,2023-09-22 20:29:00,ITM Medellín,Habilitada,18.66667
1230,2023-09-22 20:30:00,ITM Medellín,Habilitada,18.66667
1231,2023-09-22 20:31:00,ITM Medellín,Habilitada,18.66667
1232,2023-09-22 20:32:00,ITM Medellín,Habilitada,18.66667
1233,2023-09-22 20:33:00,ITM Medellín,Habilitada,18.66667
1234,2023-09-22 20:34:00,ITM Medellín,Habilitada,18.72222
1235,2023-09-22 20:35:00,ITM Medellín,Habilitada,18.72222
1236,2023-09-22 20:36:00,ITM Medellín,Habilitada,18.66667
1237,2023-09-22 20:37:01,ITM Medellín,Habilitada,18.77778
1238,2023-09-22 20:38:00,ITM Medellín,Habilitada,18.88889
1239,2023-09-22 20:39:00,ITM Medellín,Habilitada,19.00000
1240,2023-09-22 20:40:00,ITM Medellín,Habilitada,19.11111
1241,2023-09-22 20:41:00,ITM Medellín,Habilitada,19.22222
1242,2023-09-22 20:42:00,ITM Medellín,Habilitada,19.33333
1243,2023-09-22 20:43:00,ITM Medellín,Habilitada,19.38889
1244,2023-09-22 20:44:01,ITM Medellín,Habilitada,19.44444
1245,2023-09-22 20:45:00,ITM Medellín,Habilitada,19.50000
1246,2023-09-22 20:46:01,ITM Medellín,Habilitada,19.55556
1247,2023-09-22 20:47:00,ITM Medellín,Habilitada,19.61111
1248,2023-09-22 20:48:00,ITM Medellín,Habilitada,19.66667
1249,2023-09-22 20:49:00,ITM Medellín,Habilitada,19.61111
1250,2023-09-22 20:50:00,ITM Medellín,Habilitada,19.61111
1251,2023-09-22 20:51:00,ITM Medellín,Habilitada,19.61111
1252,2023-09-22 20:52:00,ITM Medellín,Habilitada,19.55556
1253,2023-09-22 20:53:01,ITM Medellín,Habilitada,19.55556
1254,2023-09-22 20:54:00,ITM Medellín,Habilitada,19.50000
1255,2023-09-22 20:55:00,ITM Medellín,Habilitada,19.44444
1256,2023-09-22 20:56:00,ITM Medellín,Habilitada,19.44444
1257,2023-09-22 20:57:00,ITM Medellín,Habilitada,19.38889
1258,2023-09-22 20:58:00,ITM Medellín,Habilitada,19.38889
1259,2023-09-22 20:59:00,ITM Medellín,Habilitada,19.33333
1260,2023-09-22 21:00:00,ITM Medellín,Habilitada,19.33333
1261,2023-09-22 21:01:00,ITM Medellín,Habilitada,19.33333
1262,2023-09-22 21:02:02,ITM Medellín,Habilitada,19.33333
1263,2023-09-22 21:03:10,ITM Medellín,Habilitada,19.33333
1264,2023-09-22 21:04:00,ITM Medellín,Habilitada,19.33333
1265,2023-09-22 21:05:00,ITM Medellín,Habilitada,19.33333
1266,2023-09-22 21:06:00,ITM Medellín,Habilitada,19.33333
1267,2023-09-22 21:07:00,ITM Medellín,Habilitada,19.38889
1268,2023-09-22 21:08:01,ITM Medellín,Habilitada,19.44444
1269,2023-09-22 21:09:00,ITM Medellín,Habilitada,19.44444
1270,2023-09-22 21:10:00,ITM Medellín,Habilitada,19.50000
1271,2023-09-22 21:11:00,ITM Medellín,Habilitada,19.55556
1272,2023-09-22 21:12:00,ITM Medellín,Habilitada,19.55556
1273,2023-09-22 21:13:00,ITM Medellín,Habilitada,19.55556
1274,2023-09-22 21:14:00,ITM Medellín,Habilitada,19.61111
1275,2023-09-22 21:15:00,ITM Medellín,Habilitada,19.66667
1276,2023-09-22 21:16:00,ITM Medellín,Habilitada,19.66667
1277,2023-09-22 21:17:01,ITM Medellín,Habilitada,19.66667
1278,2023-09-22 21:18:00,ITM Medellín,Habilitada,19.72222
1279,2023-09-22 21:19:00,ITM Medellín,Habilitada,19.66667
1280,2023-09-22 21:20:00,ITM Medellín,Habilitada,19.66667
1281,2023-09-22 21:21:10,ITM Medellín,Habilitada,19.66667
1282,2023-09-22 21:22:01,ITM Medellín,Habilitada,19.61111
1283,2023-09-22 21:23:00,ITM Medellín,Habilitada,19.55556
1284,2023-09-22 21:24:00,ITM Medellín,Habilitada,19.55556
1285,2023-09-22 21:25:00,ITM Medellín,Habilitada,19.55556
1286,2023-09-22 21:26:00,ITM Medellín,Habilitada,19.55556
1287,2023-09-22 21:27:00,ITM Medellín,Habilitada,19.55556
1288,2023-09-22 21:28:00,ITM Medellín,Habilitada,19.55556
1289,2023-09-22 21:29:01,ITM Medellín,Habilitada,19.55556
1290,2023-09-22 21:30:00,ITM Medellín,Habilitada,19.55556
1291,2023-09-22 21:31:00,ITM Medellín,Habilitada,19.55556
1292,2023-09-22 21:32:01,ITM Medellín,Habilitada,19.66667
1293,2023-09-22 21:33:00,ITM Medellín,Habilitada,19.72222
1294,2023-09-22 21:34:00,ITM Medellín,Habilitada,19.83333
1295,2023-09-22 21:35:00,ITM Medellín,Habilitada,19.94444
1296,2023-09-22 21:36:00,ITM Medellín,Habilitada,20.00000
1297,2023-09-22 21:37:00,ITM Medellín,Habilitada,20.05556
1298,2023-09-22 21:38:00,ITM Medellín,Habilitada,20.05556
1299,2023-09-22 21:39:01,ITM Medellín,Habilitada,20.05556
1300,2023-09-22 21:40:00,ITM Medellín,Habilitada,20.05556
1301,2023-09-22 21:41:01,ITM Medellín,Habilitada,20.05556
1302,2023-09-22 21:42:00,ITM Medellín,Habilitada,20.05556
1303,2023-09-22 21:43:00,ITM Medellín,Habilitada,20.00000
1304,2023-09-22 21:44:00,ITM Medellín,Habilitada,20.00000
1305,2023-09-22 21:45:00,ITM Medellín,Habilitada,20.00000
1306,2023-09-22 21:46:00,ITM Medellín,Habilitada,19.94444
1307,2023-09-22 21:47:00,ITM Medellín,Habilitada,19.94444
1308,2023-09-22 21:48:01,ITM Medellín,Habilitada,19.88889
1309,2023-09-22 21:49:00,ITM Medellín,Habilitada,19.83333
1310,2023-09-22 21:50:00,ITM Medellín,Habilitada,19.83333
1311,2023-09-22 21:51:00,ITM Medellín,Habilitada,19.72222
1312,2023-09-22 21:52:00,ITM Medellín,Habilitada,19.66667
1313,2023-09-22 21:53:00,ITM Medellín,Habilitada,19.66667
1314,2023-09-22 21:54:00,ITM Medellín,Habilitada,19.66667
1315,2023-09-22 21:55:00,ITM Medellín,Habilitada,19.61111
1316,2023-09-22 21:56:00,ITM Medellín,Habilitada,19.55556
1317,2023-09-22 21:57:01,ITM Medellín,Habilitada,19.55556
1318,2023-09-22 21:58:00,ITM Medellín,Habilitada,19.50000
1319,2023-09-22 21:59:00,ITM Medellín,Habilitada,19.44444
1320,2023-09-22 22:00:00,ITM Medellín,Habilitada,19.44444
1321,2023-09-22 22:01:00,ITM Medellín,Habilitada,19.44444
1322,2023-09-22 22:02:00,ITM Medellín,Habilitada,19.38889
1323,2023-09-22 22:03:00,ITM Medellín,Habilitada,19.33333
1324,2023-09-22 22:04:01,ITM Medellín,Habilitada,19.33333
1325,2023-09-22 22:05:00,ITM Medellín,Habilitada,19.33333
1326,2023-09-22 22:06:01,ITM Medellín,Habilitada,19.27778
1327,2023-09-22 22:07:00,ITM Medellín,Habilitada,19.27778
1328,2023-09-22 22:08:00,ITM Medellín,Habilitada,19.27778
1329,2023-09-22 22:09:00,ITM Medellín,Habilitada,19.27778
1330,2023-09-22 22:10:10,ITM Medellín,Habilitada,19.27778
1331,2023-09-22 22:11:00,ITM Medellín,Habilitada,19.27778
1332,2023-09-22 22:12:01,ITM Medellín,Habilitada,19.27778
1333,2023-09-22 22:13:00,ITM Medellín,Habilitada,19.27778
1334,2023-09-22 22:14:00,ITM Medellín,Habilitada,19.27778
1335,2023-09-22 22:15:00,ITM Medellín,Habilitada,19.27778
1336,2023-09-22 22:16:00,ITM Medellín,Habilitada,19.27778
1337,2023-09-22 22:17:00,ITM Medellín,Habilitada,19.27778
1338,2023-09-22 22:18:00,ITM Medellín,Habilitada,19.27778
1339,2023-09-22 22:19:01,ITM Medellín,Habilitada,19.27778
1340,2023-09-22 22:20:00,ITM Medellín,Habilitada,19.27778
1341,2023-09-22 22:21:01,ITM Medellín,Habilitada,19.22222
1342,2023-09-22 22:22:00,ITM Medellín,Habilitada,19.22222
1343,2023-09-22 22:23:00,ITM Medellín,Habilitada,19.22222
1344,2023-09-22 22:24:00,ITM Medellín,Habilitada,19.22222
1345,2023-09-22 22:25:00,ITM Medellín,Habilitada,19.22222
1346,2023-09-22 22:26:00,ITM Medellín,Habilitada,19.16667
1347,2023-09-22 22:27:00,ITM Medellín,Habilitada,19.22222
1348,2023-09-22 22:28:01,ITM Medellín,Habilitada,19.22222
1349,2023-09-22 22:29:00,ITM Medellín,Habilitada,19.22222
1350,2023-09-22 22:30:00,ITM Medellín,Habilitada,19.22222
1351,2023-09-22 22:31:00,ITM Medellín,Habilitada,19.22222
1352,2023-09-22 22:32:00,ITM Medellín,Habilitada,19.16667
1353,2023-09-22 22:33:00,ITM Medellín,Habilitada,19.11111
1354,2023-09-22 22:34:00,ITM Medellín,Habilitada,19.05556
1355,2023-09-22 22:35:00,ITM Medellín,Habilitada,19.05556
1356,2023-09-22 22:36:00,ITM Medellín,Habilitada,19.05556
1357,2023-09-22 22:37:01,ITM Medellín,Habilitada,19.05556
1358,2023-09-22 22:38:00,ITM Medellín,Habilitada,19.11111
1359,2023-09-22 22:39:00,ITM Medellín,Habilitada,19.11111
1360,2023-09-22 22:40:00,ITM Medellín,Habilitada,19.11111
1361,2023-09-22 22:41:00,ITM Medellín,Habilitada,19.11111
1362,2023-09-22 22:42:00,ITM Medellín,Habilitada,19.11111
1363,2023-09-22 22:43:00,ITM Medellín,Habilitada,19.16667
1364,2023-09-22 22:44:11,ITM Medellín,Habilitada,19.16667
1365,2023-09-22 22:45:00,ITM Medellín,Habilitada,19.16667
1366,2023-09-22 22:46:00,ITM Medellín,Habilitada,19.16667
1367,2023-09-22 22:47:10,ITM Medellín,Habilitada,19.16667
1368,2023-09-22 22:48:01,ITM Medellín,Habilitada,19.16667
1369,2023-09-22 22:49:00,ITM Medellín,Habilitada,19.16667
1370,2023-09-22 22:50:00,ITM Medellín,Habilitada,19.16667
1371,2023-09-22 22:51:00,ITM Medellín,Habilitada,19.11111
1372,2023-09-22 22:52:00,ITM Medellín,Habilitada,19.11111
1373,2023-09-22 22:53:00,ITM Medellín,Habilitada,19.11111
1374,2023-09-22 22:54:00,ITM Medellín,Habilitada,19.05556
1375,2023-09-22 22:55:00,ITM Medellín,Habilitada,19.05556
1376,2023-09-22 22:56:00,ITM Medellín,Habilitada,19.05556
1377,2023-09-22 22:57:01,ITM Medellín,Habilitada,19.00000
1378,2023-09-22 22:58:00,ITM Medellín,Habilitada,19.00000
1379,2023-09-22 22:59:00,ITM Medellín,Habilitada,18.94444
1380,2023-09-22 23:00:10,ITM Medellín,Habilitada,18.94444
1381,2023-09-22 23:01:00,ITM Medellín,Habilitada,18.88889
1382,2023-09-22 23:02:01,ITM Medellín,Habilitada,18.88889
1383,2023-09-22 23:03:00,ITM Medellín,Habilitada,18.88889
1384,2023-09-22 23:04:00,ITM Medellín,Habilitada,18.88889
1385,2023-09-22 23:05:00,ITM Medellín,Habilitada,18.83333
1386,2023-09-22 23:06:00,ITM Medellín,Habilitada,18.83333
1387,2023-09-22 23:07:00,ITM Medellín,Habilitada,18.88889
1388,2023-09-22 23:08:00,ITM Medellín,Habilitada,18.88889
1389,2023-09-22 23:09:01,ITM Medellín,Habilitada,18.83333
1390,2023-09-22 23:10:00,ITM Medellín,Habilitada,18.83333
1391,2023-09-22 23:11:01,ITM Medellín,Habilitada,18.83333
1392,2023-09-22 23:12:10,ITM Medellín,Habilitada,18.88889
1393,2023-09-22 23:13:00,ITM Medellín,Habilitada,18.88889
1394,2023-09-22 23:14:00,ITM Medellín,Habilitada,18.94444
1395,2023-09-22 23:15:00,ITM Medellín,Habilitada,18.94444
1396,2023-09-22 23:16:00,ITM Medellín,Habilitada,18.94444
1397,2023-09-22 23:17:01,ITM Medellín,Habilitada,18.94444
1398,2023-09-22 23:18:00,ITM Medellín,Habilitada,18.94444
1399,2023-09-22 23:19:00,ITM Medellín,Habilitada,19.00000
1400,2023-09-22 23:20:00,ITM Medellín,Habilitada,18.94444
1401,2023-09-22 23:21:00,ITM Medellín,Habilitada,18.94444
1402,2023-09-22 23:22:00,ITM Medellín,Habilitada,18.88889
1403,2023-09-22 23:23:00,ITM Medellín,Habilitada,18.88889
1404,2023-09-22 23:24:01,ITM Medellín,Habilitada,18.83333
1405,2023-09-22 23:25:00,ITM Medellín,Habilitada,18.83333
1406,2023-09-22 23:26:01,ITM Medellín,Habilitada,18.83333
1407,2023-09-22 23:27:00,ITM Medellín,Habilitada,18.88889
1408,2023-09-22 23:28:00,ITM Medellín,Habilitada,18.83333
1409,2023-09-22 23:29:00,ITM Medellín,Habilitada,18.83333
1410,2023-09-22 23:30:00,ITM Medellín,Habilitada,18.83333
1411,2023-09-22 23:31:10,ITM Medellín,Habilitada,18.83333
1412,2023-09-22 23:32:01,ITM Medellín,Habilitada,18.77778
1413,2023-09-22 23:33:00,ITM Medellín,Habilitada,18.77778
1414,2023-09-22 23:34:00,ITM Medellín,Habilitada,18.77778
1415,2023-09-22 23:35:00,ITM Medellín,Habilitada,18.77778
1416,2023-09-22 23:36:00,ITM Medellín,Habilitada,18.72222
1417,2023-09-22 23:37:00,ITM Medellín,Habilitada,18.72222
1418,2023-09-22 23:38:00,ITM Medellín,Habilitada,18.72222
1419,2023-09-22 23:39:01,ITM Medellín,Habilitada,18.72222
1420,2023-09-22 23:40:00,ITM Medellín,Habilitada,18.72222
1421,2023-09-22 23:41:01,ITM Medellín,Habilitada,18.72222
1422,2023-09-22 23:42:00,ITM Medellín,Habilitada,18.72222
1423,2023-09-22 23:43:00,ITM Medellín,Habilitada,18.72222
1424,2023-09-22 23:44:00,ITM Medellín,Habilitada,18.72222
1425,2023-09-22 23:45:00,ITM Medellín,Habilitada,18.72222
1426,2023-09-22 23:46:01,ITM Medellín,Habilitada,18.72222
1427,2023-09-22 23:47:00,ITM Medellín,Habilitada,18.72222
1428,2023-09-22 23:48:01,ITM Medellín,Habilitada,18.66667
1429,2023-09-22 23:49:00,ITM Medellín,Habilitada,18.72222
1430,2023-09-22 23:50:00,ITM Medellín,Habilitada,18.66667
1431,2023-09-22 23:51:00,ITM Medellín,Habilitada,18.66667
1432,2023-09-22 23:52:00,ITM Medellín,Habilitada,18.72222
1433,2023-09-22 23:53:00,ITM Medellín,Habilitada,18.72222
1434,2023-09-22 23:54:00,ITM Medellín,Habilitada,18.66667
1435,2023-09-22 23:55:00,ITM Medellín,Habilitada,18.66667
1436,2023-09-22 23:56:00,ITM Medellín,Habilitada,18.61111
1437,2023-09-22 23:57:01,ITM Medellín,Habilitada,18.61111
1438,2023-09-22 23:58:00,ITM Medellín,Habilitada,18.55556
1439,2023-09-22 23:59:00,ITM Medellín,Habilitada,18.55556
1440,2023-09-23 00:00:00,ITM Medellín,Habilitada,18.55556
